eta,alpha,gamma,episodes,auction_type,init,exploration,asynchronous,n_bidders,median_opp_past_bid_index,winner_bid_index_state,avg_rev_last_1000,time_to_converge,avg_regret_of_seller
0.7556265760484161,0.04920259821481171,0.18810134169876513,104574,first,zeros,boltzmann,0,4,False,True,0.9336,1,0.06345554344292077
0.4317003803619043,0.051692514135808054,0.7117965896803835,184541,second,zeros,egreedy,1,6,True,True,1.0,0,0.015301748662898755
0.34456813525664587,0.02894051919187519,0.8668026568361072,61190,first,random,boltzmann,0,6,False,True,0.9734,0,0.03006373590455956
0.14003897430888113,0.009384750011526884,0.6118360709727049,151042,first,random,boltzmann,0,2,True,True,0.8222,0,0.189073237907337
0.9944579586671878,0.03777010303728191,0.5593739962338641,69930,first,random,boltzmann,1,2,False,False,0.804,3,0.18462176462176458
0.14473999662484194,0.09201012753760512,0.9113660794509395,66467,second,zeros,boltzmann,0,2,False,False,0.8394000000000001,314,0.15694404742202897
0.8616049701329317,0.0768916728843065,0.6054372586195489,124619,second,random,egreedy,0,6,False,True,1.0,0,0.011776695367480078
0.026853782504355217,0.00581268320753802,0.4400586600222056,168121,second,zeros,boltzmann,0,2,True,True,0.8416,1,0.159414945188287
0.37796699284958135,0.00465930312723397,0.9184497086046199,197649,second,zeros,boltzmann,0,2,False,True,0.8436,2616,0.15678298397664547
0.18801430515650508,0.058919762457797724,0.21482268551444614,55174,second,random,egreedy,1,6,False,True,1.0,0,0.014894696777467646
0.32985556444258357,0.08564258680524404,0.9654055086003112,89851,first,zeros,egreedy,1,6,False,True,1.0,0,0.018357057795683963
0.0009321829799450176,0.026860150256943053,0.7525882270576045,152189,first,random,egreedy,1,6,False,True,1.0,7,0.017999986858445744
0.45380907758673783,0.07426321458902883,0.749851973280906,64791,second,random,boltzmann,0,6,True,True,0.9738,0,0.02816440555015356
0.12429186256602642,0.07610369898992143,0.15116376524597372,67403,second,zeros,egreedy,1,6,True,True,1.0,0,0.015557171045799147
0.021026202390813542,0.04546868802126284,0.6017720340899422,96317,first,zeros,egreedy,1,2,True,True,0.9452,69984,0.16979764735197317
0.26163388021396816,0.06911184489094589,0.6124892570340394,116227,second,zeros,egreedy,1,6,True,True,1.0,0,0.016483261204367314
0.11109587864894388,0.07936942305915833,0.6232568208974439,224719,first,random,egreedy,1,2,False,False,0.9388,134927,0.16645321490394668
0.5375860678850694,0.07062497296804376,0.42130844460860684,111598,second,random,egreedy,1,4,True,True,0.9996,0,0.03549525977168049
0.23484526644733072,0.0643501952452259,0.7114485844553722,207880,first,random,boltzmann,0,4,True,False,0.9364000000000001,3,0.060226091976140074
0.30622253775037345,0.011409350383350073,0.6179287139048038,142129,second,zeros,egreedy,0,4,False,True,1.0,0,0.035732327674155163
0.09638120650917203,0.0733807235045162,0.9843927464828933,232253,first,random,boltzmann,0,6,False,True,0.9744,0,0.02903988323078711
0.7441424177492515,0.0908633172330547,0.7000817524403629,146351,first,random,boltzmann,0,4,False,True,0.9364,1,0.06342833325361628
0.6803432789617504,0.040716396039574713,0.1876961717931039,121955,first,random,egreedy,1,4,True,True,1.0,0,0.034829240293550896
0.17274911790806946,0.04335475582809572,0.3015142348462386,204830,second,random,boltzmann,1,2,True,True,0.8458000000000001,2051,0.1561275203827564
0.4857108189045849,0.059142930166182286,0.0819900371008769,212345,first,random,egreedy,0,2,False,False,0.968,0,0.14470790458922975
0.4548987881940132,0.005093787527068115,0.38397729940575054,81914,first,zeros,boltzmann,1,2,True,False,0.8162,7884,0.18672510193617695
0.334408830747951,0.04101102756519697,0.9552547142607146,123546,first,random,boltzmann,1,2,False,True,0.9586000000000001,0,0.045031000598967176
0.1125589893047052,0.018780184386523822,0.7452147016327348,129104,second,random,boltzmann,0,2,False,False,0.8392000000000001,3,0.15661637129755857
0.04860346744732258,0.08628181077675555,0.40803676753206836,147270,first,random,egreedy,1,4,False,True,0.9976,46670,0.04510219325049229
0.8033828069693336,0.09810024864325584,0.960269667655824,88583,second,zeros,egreedy,1,4,True,False,0.997,20554,0.03843852657959202
0.5580530814742866,0.011239413683635822,0.4631246939710744,212436,second,random,boltzmann,1,4,False,True,0.936,5,0.05733209060611195
0.020250237709285024,0.02692844652306583,0.81046322176469,56465,first,random,egreedy,1,4,True,False,0.9955999999999999,0,0.045890374568316655
0.07586566178351328,0.0025557923639966,0.4760888885627306,61574,second,random,boltzmann,1,2,True,False,0.8564,14565,0.17177380063013606
0.3889882193231696,0.0737241452654325,0.8568646430207649,187419,second,zeros,egreedy,1,2,False,True,0.975,0,0.13387009854923995
0.622351399162982,0.0225041385749904,0.26267787837867423,58990,first,zeros,egreedy,0,4,True,True,0.9992000000000001,0,0.03539922020681471
0.7347407467497525,0.0845155056606507,0.8501241208991794,60313,second,zeros,egreedy,0,4,True,False,0.999,12942,0.030839122577222156
0.20817884357520633,0.04848013219930637,0.810770666992434,154010,first,zeros,egreedy,0,6,True,True,1.0,0,0.014647100837607943
0.7724097424860221,0.033403072566431685,0.2078960583737641,120264,second,zeros,boltzmann,1,6,True,False,0.9748,394,0.03038980908667597
0.7261433743811718,0.06509434097208223,0.04671155443965916,240175,second,zeros,egreedy,1,6,True,True,1.0,0,0.013780784844384298
0.6960285624023476,0.04779689148366738,0.8345174133746334,139351,first,zeros,egreedy,1,2,False,True,0.9382,3,0.14453861113303815
0.8420967265356224,0.03354575100352681,0.45017123947834253,238749,second,random,egreedy,1,2,True,False,0.9863999999999999,124722,0.10654369232960138
0.9228464040978164,0.08633840793985023,0.3382115880438382,201203,first,random,boltzmann,0,4,True,False,0.9376,5,0.06343941193719776
0.3981940980278774,0.07834647075743362,0.5615146161970541,180078,second,zeros,boltzmann,0,4,False,True,0.942,102,0.055421539555081674
0.8989015994492867,0.06379594603701008,0.1390309347760835,229322,first,random,egreedy,1,2,True,False,0.9461999999999999,1,0.1324809656291154
0.5681014585101074,0.09658362372770013,0.879934659180971,230369,second,zeros,egreedy,1,2,False,True,0.9545999999999999,119630,0.1330760649219296
0.011989928274996453,0.058567534080935214,0.5602842225102961,71797,first,zeros,egreedy,1,6,False,True,0.9992000000000001,7743,0.018549521567753524
0.38676759950889605,0.05489227210539049,0.8138915404027618,63968,first,zeros,boltzmann,0,4,False,False,0.937,2,0.06030515257628813
0.7382118122944983,0.07388249885329443,0.360694194111978,182720,second,random,egreedy,1,6,False,True,1.0,0,0.013962346760070049
0.8969016602080728,0.009870380950062058,0.3321850320428363,170418,second,random,boltzmann,0,2,True,False,0.8438000000000001,1687,0.15517961717658935
0.3542654878643092,0.08734126567842462,0.2207057768226078,64160,first,random,boltzmann,0,2,False,True,0.8130000000000002,535,0.1887531172069825
0.440813940653743,0.07403758028299906,0.21869743712585263,132366,first,random,boltzmann,0,2,True,False,0.8088,396,0.18843962951211032
0.7416609998950294,0.047976191450188485,0.11668178038991506,162378,second,random,boltzmann,1,6,True,False,0.9692000000000001,0,0.030405596817302837
0.964701495441036,0.048465702582342216,0.9417453485623984,158002,first,zeros,boltzmann,1,4,True,True,0.978,1922,0.02157567625726256
0.23761922707383276,0.04470712378521324,0.5050417020611495,118741,second,random,egreedy,1,6,True,True,1.0,0,0.01582604155262293
0.9846718314013849,0.06959560659598035,0.20602477643923822,202961,first,random,boltzmann,0,6,True,True,0.9664,0,0.03185932272702637
0.5544929306883333,0.08697031362939538,0.9557297776429425,197603,second,random,egreedy,0,4,True,False,0.999,50483,0.0339923989008264
0.6423578682668148,0.02990941043342298,0.6577291463225117,69662,first,zeros,egreedy,1,6,False,True,1.0,0,0.014512933880738422
0.1486475827386926,0.09483355507057452,0.5175142882242418,175699,first,zeros,boltzmann,0,6,False,True,0.973,0,0.0290098406934587
0.017430098630908497,0.0982625390992739,0.5643706884480277,78948,first,random,boltzmann,0,6,False,True,0.9736000000000001,0,0.028411106044484977
0.6465550944846523,0.030276166061194182,0.3639724319238839,219132,first,zeros,egreedy,0,4,True,False,1.0,0,0.034833798806198996
0.2513409764243516,0.09640994741764737,0.5791897675313938,83469,second,random,boltzmann,0,6,False,False,0.9724,0,0.027756412560351745
0.8103527797436779,0.07017737354149003,0.8654312866279762,228531,first,random,egreedy,0,2,True,False,0.9722,125187,0.12292949315410162
0.49154133260257216,0.00413610012838584,0.38311652964391774,101909,first,random,egreedy,0,2,True,False,0.9716,64154,0.1381487405430335
0.26808350208920095,0.07971313773149681,0.1958959409939952,123750,second,random,egreedy,0,6,True,True,1.0,0,0.014648888888888888
0.9405543285431757,0.010686044960708657,0.46476621422199765,224602,first,zeros,egreedy,1,2,True,True,0.9808,0,0.12415027470815042
0.5218329069367681,0.07449413981213593,0.36009803470896856,70353,first,zeros,egreedy,0,6,False,True,1.0,3,0.014157178798345485
0.020883834880187524,0.0739512082677839,0.7387624265769472,176969,first,random,boltzmann,0,2,True,True,0.819,951,0.18914838191999725
0.27199257441945357,0.060118658971006954,0.20907017351363819,194927,first,random,boltzmann,1,6,False,True,0.9714,0,0.030220544101125034
0.2939410383171961,0.08170098999927795,0.7363088123246875,51245,first,random,egreedy,1,4,False,True,0.9972000000000001,17250,0.04181871402088009
0.5042855559898736,0.03564623444007183,0.24327720704720165,241848,first,random,boltzmann,1,2,True,True,0.8052,0,0.18894512255631637
0.6616232656431719,0.0025985116666572498,0.6481032685197559,98818,first,zeros,boltzmann,0,6,False,True,0.9684,0,0.0329980367949159
0.27054748310221144,0.04694720769428457,0.5076814579079459,167811,second,zeros,egreedy,0,4,True,True,1.0,41177,0.03579264768102209
0.5848917022369491,0.02501922186075886,0.8373797246974396,193466,first,random,egreedy,1,6,False,False,1.0,0,0.014602048938831626
0.20044009329475843,0.07125516427529871,0.4692526271057344,117518,first,random,egreedy,1,2,False,True,0.905,1,0.16173692540717166
0.3442887039887881,0.025614659565426846,0.18434013677679764,107141,second,zeros,egreedy,1,2,False,False,0.972,62490,0.12369494404569681
0.3983591572017401,0.022327109511504854,0.9084285345061446,110100,second,zeros,boltzmann,0,2,False,True,0.8518,2,0.15550590372388742
0.21249395011268324,0.09413205353883308,0.08773221461668029,103488,first,random,egreedy,1,2,True,True,0.9112,1,0.16764842300556584
0.1850305462651638,0.061173855845509696,0.6237811726588162,102881,first,random,egreedy,0,4,True,True,1.0,29596,0.03878850322216929
0.8695478861183807,0.0010879850865117236,0.09657893878073748,101462,first,zeros,boltzmann,0,2,False,True,0.8224000000000001,0,0.20009855906644855
0.35416792312335743,0.0871914693441112,0.4854936701983029,103852,first,random,boltzmann,0,6,True,False,0.971,0,0.029671070369371794
0.11135696730907763,0.09240398306071428,0.9230704473380976,182529,second,random,boltzmann,0,4,False,False,0.9474000000000001,2,0.05451188578253319
0.24983355545271801,0.06949938795624416,0.8321197391401886,105756,second,zeros,boltzmann,1,2,True,False,0.8922,5,0.09131207685615944
0.29284669089053605,0.041395360437459214,0.41575338502539155,127129,first,zeros,egreedy,1,2,True,False,0.9682000000000001,0,0.1565999889875638
0.6298349545867719,0.09755239032542339,0.38238957525819206,181606,second,zeros,boltzmann,1,4,False,False,0.9368,170,0.05760933008821294
0.28398076492650737,0.04006920019404918,0.3278816531251177,113877,first,random,boltzmann,0,2,True,True,0.8026,15,0.1879238125345767
0.2622332636382164,0.027026216656692553,0.2660946870025784,60036,first,zeros,egreedy,1,2,True,True,0.9564,42206,0.15921780265174226
0.7895977566137017,0.003687692826532346,0.2465430201411985,209791,first,random,egreedy,0,6,False,True,1.0,0,0.013567788894661828
0.07397222122286884,0.06696002287378805,0.9180383703078833,247351,second,random,boltzmann,1,6,False,True,0.9738,0,0.022876802600353335
0.6396612966635965,0.04843265790036101,0.5511857285766251,242318,second,random,boltzmann,1,2,False,True,0.8418,1393,0.1524492608885844
0.5124237596722899,0.06252263019980779,0.9612944701526877,56542,second,random,egreedy,0,6,False,False,1.0,5966,0.014173534717555088
0.37086269244281855,0.00209469965996771,0.679253500708996,233097,second,random,boltzmann,1,4,True,True,0.9521999999999999,13122,0.050810606743115515
0.24848738615580068,0.05525796397670548,0.3915056373501746,216267,second,zeros,boltzmann,0,6,True,False,0.9716,0,0.02774440853204603
0.7064235562796795,0.031509445858326206,0.9201343187493107,65495,first,zeros,egreedy,0,6,True,True,1.0,6981,0.014285059928238794
0.05322031462576726,0.053377290572708576,0.6566451423546124,88054,second,random,egreedy,0,4,False,True,0.9987999999999999,15,0.036261839325868205
0.83828700419848,0.030283619406930962,0.4059045647340147,72724,first,zeros,boltzmann,1,2,True,True,0.7988000000000001,0,0.1850475771409713
0.20755270653507762,0.006053080674140632,0.8432208172007848,171667,second,zeros,egreedy,0,2,False,False,0.9783999999999999,0,0.12498383498284468
0.9801357405708742,0.0761652780593206,0.8704103715504221,150453,first,random,boltzmann,0,6,True,True,0.968,0,0.03174280340039746
0.8490169837783084,0.036263447285325184,0.5572588300738608,68889,first,random,boltzmann,1,6,True,False,0.9634000000000001,0,0.032745431055756356
0.8691669509111047,0.011706360423762354,0.5793252931506522,105005,second,random,egreedy,0,2,True,True,1.0,51704,0.0947688205323556
0.7415452390043998,0.07117775044631192,0.39136124940656536,192882,second,random,egreedy,1,2,True,False,0.9713999999999999,0,0.11331072883939398
0.8507950003169695,0.022790595441853113,0.7527476876648936,216827,first,zeros,boltzmann,1,2,False,True,0.8204000000000001,3411,0.17536007969487197
0.24124622736028956,0.0024290978978333063,0.4970510266444919,223061,second,random,egreedy,1,2,False,False,0.9768,130084,0.13087003106773484
0.5914728289338524,0.036561802489325904,0.24593022864283476,234384,second,zeros,egreedy,0,4,True,True,0.9997999999999999,0,0.03356201788517986
0.9788294345714302,0.008349764657854485,0.22227195017736917,71521,second,zeros,boltzmann,0,2,False,True,0.8328000000000001,0,0.15712867549391088
0.2788529147850817,0.010036030825318083,0.5237509979988005,202104,second,zeros,boltzmann,1,2,False,False,0.8616000000000001,1,0.15062937893361833
0.39605669392028575,0.0218973252387556,0.63375854236934,135497,first,zeros,egreedy,0,2,True,True,0.9302,71442,0.15085500047971542
0.665116106718162,0.037462712808300894,0.25032815311591583,89462,first,random,boltzmann,1,4,True,True,0.9344000000000001,1572,0.06463973530661062
0.6731982033483218,0.01686138417117455,0.884284286143918,163184,second,random,boltzmann,0,2,True,False,0.842,1079,0.15424673987645848
0.8374526533222421,0.06512393318342449,0.4832220772560976,205701,second,random,boltzmann,1,6,False,True,0.965,0,0.030555028901172083
0.46872371609627683,0.041616502013922536,0.47320440421809534,153024,second,zeros,egreedy,1,6,True,False,1.0,0,0.014331085319949808
0.4737468713723786,0.008183533057028847,0.014480391437975311,240987,first,random,boltzmann,1,2,True,True,0.7996000000000001,9,0.19244440571483112
0.7678537211389175,0.05550939958155504,0.5205016196530462,113242,first,zeros,boltzmann,1,6,True,True,0.969,100,0.03147418802211194
0.06150330232671308,0.0054141165908291565,0.5123424300686791,63774,second,zeros,boltzmann,1,2,False,True,0.879,3,0.14081914259729672
0.16578517964894823,0.08466231528121547,0.10997906457005356,195942,second,zeros,boltzmann,1,2,True,True,0.837,2,0.156320747976442
0.5143176083991093,0.06672150179396724,0.6094549883771394,55895,first,random,egreedy,1,4,False,True,1.0,0,0.037613382234546903
0.5871940239695335,0.02695933165852855,0.6450502044314665,170081,first,zeros,boltzmann,1,6,True,False,0.9623999999999999,0,0.030472539554682758
0.95717672070164,0.05501358036604211,0.2461227496961241,113200,second,random,egreedy,1,4,True,True,0.9996,27037,0.02895759717314487
0.8986297616425889,0.05163329168890481,0.8628868434684425,129227,second,random,boltzmann,0,2,True,False,0.8535999999999999,4,0.15511154789633744
0.8168190771876277,0.050208649534603675,0.6924990167575336,157127,second,random,egreedy,1,4,False,False,1.0,0,0.03235217371934804
0.04492390307730343,0.06603244603673829,0.24902611204386238,55434,first,random,boltzmann,1,4,True,True,0.943,1,0.060551286214236735
0.39947568498118424,0.07102014395246216,0.21674859249846484,93632,first,random,boltzmann,1,6,True,True,0.9728000000000001,0,0.03132903280929596
0.2303847535113993,0.07349908542359405,0.09434800604761816,179533,second,random,egreedy,0,4,True,True,0.9992000000000001,0,0.03565138442514746
0.5998769349528772,0.04272989197991556,0.7487341597423762,223441,second,random,egreedy,0,4,True,False,1.0,49134,0.03325352106372599
0.7392275741144961,0.06172691764993932,0.3898930040544147,200124,second,random,boltzmann,1,2,False,False,0.8496000000000001,864,0.15388159341208452
0.06790436094870944,0.06983237597944748,0.6584058406524629,85105,first,zeros,egreedy,1,6,True,False,0.9996,0,0.018203395805181828
0.1479690815881679,0.07281197373752486,0.8818398897614473,111479,first,random,egreedy,1,4,False,True,0.9917999999999999,32678,0.045988930650615795
0.667139332698666,0.037038039985028456,0.07712980297882963,228359,second,zeros,egreedy,0,4,True,True,0.9997999999999999,51857,0.03316357139416444
0.20656310209171036,0.05563160842980433,0.3881002347734668,54376,second,random,egreedy,1,4,True,True,0.998,0,0.03778137413564806
0.6336434653769308,0.08373709900834816,0.2763551108839017,152731,first,random,boltzmann,0,6,False,False,0.965,0,0.030739011726499527
0.13111791451015875,0.06447939847630976,0.19634966422656597,56099,second,random,boltzmann,1,2,True,True,0.8382000000000001,1792,0.15961781849943846
0.8778781557531473,0.05643640164614706,0.0035314867397127658,93987,first,zeros,egreedy,0,6,False,True,1.0,0,0.012165512251694382
0.49628249047498485,0.004326773796703201,0.8386801885152313,238682,second,zeros,egreedy,1,2,False,False,0.9976,0,0.11800051951969565
0.24613887026590497,0.03782936183516232,0.8852588620524097,135841,first,random,egreedy,1,6,False,False,1.0,0,0.01724516162277957
0.8160514169955546,0.09837758173482056,0.1416090964759696,159617,second,zeros,boltzmann,1,6,False,True,0.9658,0,0.03096286736375198
0.7228024379245938,0.08674886056252959,0.15109007185415838,57302,first,random,egreedy,1,2,False,False,0.9282,24889,0.14655334892324873
0.7631512415637066,0.06724173135282291,0.47853404909249025,101691,second,zeros,boltzmann,0,2,True,True,0.8546,841,0.1541119666440491
0.7850300381094695,0.03990527844504607,0.7807484612011429,144971,first,random,boltzmann,1,6,False,False,0.9646000000000001,0,0.03134971821950597
0.2351837776682263,0.00340814659824045,0.9384963866189272,242161,first,zeros,boltzmann,1,6,False,False,0.9806,0,0.013679329041422853
0.17300145761935382,0.02176986408514395,0.670877460521646,108127,second,random,egreedy,1,4,False,True,0.9987999999999999,29120,0.039531291906739284
0.4766315972777402,0.011548908172509316,0.23856300013886386,120859,second,zeros,egreedy,0,4,False,True,0.9976,3,0.03504248752678741
0.7712117705616044,0.0863005698377687,0.6647834787793445,134203,second,zeros,egreedy,0,6,True,True,1.0,0,0.012622668643771002
0.785096465200898,0.03858826289142488,0.9895895676048146,189688,second,zeros,boltzmann,0,6,False,True,0.9675999999999999,0,0.029666610433975785
0.8268021472111512,0.09442403566487902,0.17563461879112707,218254,first,zeros,boltzmann,1,2,True,True,0.8094000000000001,6,0.186993136437362
0.5087265715098599,0.07915821305366291,0.4493598361743225,199137,second,random,egreedy,0,4,True,False,0.9996,0,0.034504888594284334
0.7681686705644198,0.06401195544863701,0.2479404250149472,122732,second,random,boltzmann,0,4,True,False,0.9444000000000001,155,0.057869178372388606
0.5689002933605745,0.0871110729500392,0.8472458628799965,199351,second,zeros,boltzmann,0,2,False,True,0.8428000000000001,262,0.15450938294766514
0.24421859179727512,0.03850955533318788,0.22195845300030345,59882,second,random,boltzmann,1,2,True,False,0.8468,7,0.15593333555993452
0.45836095408523914,0.09282602687851084,0.5754509184760545,146657,first,zeros,egreedy,1,6,True,True,1.0,14122,0.015734673421657328
0.14504050659396794,0.08611966279724467,0.6104642937513961,110139,first,random,egreedy,0,4,True,False,0.9996,32489,0.03900344110623846
0.9374044656480716,0.08154813488376186,0.6589677748859614,248293,second,zeros,boltzmann,1,6,False,True,0.97,0,0.03046723024813426
0.9356853428237795,0.05724395317376557,0.6349783997365357,156792,second,random,boltzmann,1,2,True,True,0.8492000000000001,1647,0.1522003673656819
0.9648853690452331,0.03264112481005822,0.40479505820438105,164960,second,random,egreedy,1,6,False,True,1.0,3,0.011661008729388944
0.005019766446010876,0.0209463793839216,0.4936623663695491,131748,first,zeros,boltzmann,0,2,True,True,0.8088000000000001,20,0.18858274888423354
0.3532589355566417,0.01105873481970103,0.5939136520062727,170172,second,zeros,egreedy,1,6,True,True,1.0,15730,0.01468161624709117
0.5410674869943475,0.03063703454183525,0.4187421706635961,186989,first,zeros,boltzmann,1,6,True,False,0.967,0,0.031401847167480436
0.6665000123168504,0.04156123565253132,0.07361148883474201,93796,second,zeros,egreedy,1,4,False,True,0.998,7,0.033711458910827746
0.6975777368786831,0.0856142794223314,0.928311322163796,90553,first,zeros,egreedy,0,4,False,False,1.0,23935,0.03459189645842766
0.13660254891740087,0.0818441143184115,0.3641555130240375,240808,first,random,boltzmann,1,2,False,True,0.815,3,0.18777947576492474
0.6283691480188207,0.09731257877795313,0.6492648874318461,98572,first,random,egreedy,1,6,True,False,1.0,0,0.01542020046260601
0.15987128398609807,0.03631642470528224,0.7582668537682515,126337,second,random,boltzmann,0,2,True,True,0.8396000000000001,1071,0.15777167417304508
0.20927587346380772,0.05255738973139714,0.34317503823973183,146844,second,random,egreedy,1,4,True,True,0.9977999999999999,0,0.0372245376045327
0.25732750009298466,0.07636732419553875,0.8533562261752997,65039,second,random,egreedy,1,2,True,True,0.9722000000000001,42513,0.1484124909669583
0.6957289284909582,0.008843035631347404,0.32748273626256297,84404,second,zeros,boltzmann,0,4,True,False,0.942,1,0.05798066442348703
0.2738530207168123,0.05161399915668001,0.9437267194441686,216393,first,zeros,boltzmann,1,6,False,False,0.983,3,0.01733789910024815
0.5302131232151577,0.01844239217965765,0.07175655997851833,124594,second,zeros,boltzmann,1,4,False,True,0.9436000000000001,1,0.05801402956803697
0.5553213905638801,0.08941031232905336,0.4124418704730277,146797,second,random,egreedy,0,6,True,True,1.0,0,0.014241435451678167
0.6328527923917505,0.005647422231957751,0.07239033418180407,217058,first,zeros,egreedy,1,4,True,True,0.9992000000000001,55819,0.0353564485068507
0.7074491121011113,0.09855286633389337,0.36291761103677755,50124,second,zeros,egreedy,1,6,True,True,1.0,0,0.014065118506104857
0.611482936567182,0.07992012434957442,0.7853698517120791,156020,first,zeros,boltzmann,0,6,False,False,0.9662000000000001,0,0.030496090244840398
0.34298203672040806,0.01693223822650551,0.6329508846327153,213302,first,random,egreedy,1,4,False,True,0.9996,0,0.037915256303269536
0.9536871912862622,0.09256449650877106,0.9898190291557606,166597,second,random,boltzmann,0,4,False,False,0.934,86,0.05816671368632089
0.016966364604809603,0.09088018574866259,0.7083527938736347,170891,first,random,boltzmann,0,4,True,False,0.9464000000000001,180,0.05876728440936034
0.3973322780714271,0.08152502204450968,0.16879659962112858,218992,first,zeros,egreedy,1,4,False,True,0.9975999999999999,55240,0.036194016219770586
0.5602905722224881,0.08097000260496792,0.03385972025312934,248536,second,zeros,egreedy,1,2,False,False,0.9775999999999999,135829,0.1205684488363859
0.40452903431848986,0.032300025429546686,0.4480823797835932,87814,first,random,boltzmann,0,4,False,False,0.94,3,0.06207666203566628
0.7229146984638045,0.09021992737069723,0.12226274237413491,180357,second,random,boltzmann,1,2,True,False,0.8388,1323,0.15518665757359015
0.1662291420805182,0.023015252749550307,0.2844755461517138,204260,second,zeros,boltzmann,0,6,False,False,0.9714,0,0.027461079016939186
0.5386133006415964,0.015933882614094556,0.27531644957768325,76725,first,random,boltzmann,1,4,False,True,0.9434,3276,0.06447442163571195
0.27554506297907144,0.07117552658733521,0.39835236060878343,200132,first,random,boltzmann,1,4,False,True,0.9404,3,0.061361501409070006
0.3438138685566816,0.049277058063013086,0.6688339803585464,119793,first,zeros,boltzmann,0,2,True,True,0.815,4,0.18692911939762755
0.022351811844988467,0.07580647502048292,0.006547383654693859,249607,second,zeros,boltzmann,1,2,True,True,0.8474,1495,0.15626484834159296
0.9043396516958819,0.04912733641083277,0.9274750175308001,81824,second,random,egreedy,1,2,True,True,0.9776,45582,0.1422003324208056
0.5512746105431736,0.06651105613721814,0.022375605993458315,122520,first,zeros,boltzmann,0,6,False,True,0.9692000000000001,0,0.03067580803134182
0.822176140617312,0.051325051620536764,0.41399387260141085,179045,first,random,egreedy,1,4,False,True,0.9997999999999999,0,0.03353793739004161
0.6531160656003372,0.0028930208014125262,0.7034651241608335,54382,first,random,boltzmann,0,2,False,False,0.818,2776,0.19265198043470264
0.09165673378864658,0.07476064392422334,0.8372808256870867,128085,first,random,boltzmann,1,2,True,True,0.8322,3444,0.16251239411328414
0.5722730189559164,0.060092064901241644,0.009359935872951147,181359,first,zeros,egreedy,0,2,False,True,0.9554,94111,0.13737504066519993
0.8636038269428201,0.04555557586155797,0.3688884039825049,165505,first,zeros,egreedy,1,4,False,False,0.9996,0,0.0325645750883659
0.9972066377411958,0.04624405722937012,0.429788974241186,51238,first,random,boltzmann,1,4,True,False,0.9316000000000001,2,0.06596276201256879
0.9110263084306714,0.07404835361338084,0.5354433666672025,133066,first,random,boltzmann,1,6,True,True,0.9663999999999999,0,0.032884433288743936
0.031729779382715484,0.004405372516330821,0.4882806980568826,185232,first,zeros,boltzmann,1,2,True,False,0.8174000000000001,4,0.1749460136477498
0.3995303617703937,0.02779751343427319,0.5815334685588689,157678,second,zeros,egreedy,0,4,False,False,0.9984,39182,0.035387308311876094
0.7024061542988832,0.07857554930669985,0.11245196739044652,175601,second,random,egreedy,1,2,True,False,0.9793999999999999,96176,0.11695377588965893
0.5438934786073181,0.0652139535099868,0.5375973172044607,189434,second,zeros,egreedy,1,4,False,True,1.0,50946,0.03586367811480514
0.671506959382548,0.08438089205199188,0.5122184584836548,161566,second,random,boltzmann,0,2,False,True,0.8476,2,0.1556020449847121
0.16531259721124458,0.08849784274981894,0.24243732449792296,69683,second,random,boltzmann,1,2,True,True,0.8416000000000001,8,0.15738415395433603
0.7596806479646404,0.009056485309322942,0.6676978467974745,212912,first,zeros,egreedy,1,4,True,True,0.9996,51220,0.033863755917937916
0.7711964597216564,0.06203258270914454,0.4602038226810031,92918,second,random,egreedy,1,6,True,False,1.0,0,0.013629221464086615
0.7348936320766216,0.0639385632474203,0.39080989727481863,92421,second,zeros,egreedy,0,6,False,False,1.0,0,0.013180987005117882
0.561633062199317,0.0910106009551727,0.498135462693734,67693,second,random,egreedy,0,4,False,True,1.0,0,0.03392669847694739
0.7300490663766197,0.035923019926715094,0.5761195355721419,159671,second,random,boltzmann,1,6,True,False,0.9752000000000001,0,0.03033612866456651
0.8599297665884867,0.08356441431311493,0.8854245349339257,55594,first,zeros,egreedy,1,4,True,True,0.9987999999999999,14951,0.037381731841565624
0.3716383333916887,0.06315578668272397,0.6128046399028692,240041,second,zeros,egreedy,1,6,False,True,1.0,0,0.015708149857732643
0.721565848437182,0.018853103257488225,0.543684962288964,82315,first,random,egreedy,0,4,True,True,0.9976,21662,0.03436311729332441
0.9047528800453818,0.0028234821273377935,0.32786883941583,156271,first,zeros,boltzmann,0,2,False,True,0.8204000000000001,5881,0.18846363048806233
0.7420174645136609,0.0675828348868451,0.10538647633404497,246198,first,zeros,egreedy,1,2,False,False,0.9592,0,0.1439548655959837
0.9131055641120448,0.030223495147402572,0.25938359759610835,98005,second,random,egreedy,0,6,False,False,1.0,0,0.011374929850517829
0.21951902073762208,0.05388733602935424,0.6330669075294262,175752,second,random,egreedy,0,6,False,True,1.0,0,0.014768537484637446
0.24902039331664116,0.08414064117110863,0.8393813605173852,91404,second,zeros,boltzmann,0,6,False,True,0.9748000000000001,2,0.027572097501203437
0.1949150564506722,0.033630564759089106,0.23868621368884615,97443,first,zeros,egreedy,0,6,False,True,1.0,0,0.015050850240653507
0.3356930575403556,0.0865615475632055,0.46208583451822677,208433,first,random,egreedy,1,2,False,True,0.9310000000000002,1,0.15992861015290288
0.5073322611842148,0.06715187400541675,0.9641194573629304,122472,second,random,egreedy,0,2,True,True,0.992,0,0.11693611601019009
0.3063947571147796,0.0466714293329159,0.8740467168616364,243832,second,zeros,egreedy,1,2,True,True,0.98,154517,0.13557367367695786
0.5692568057891358,0.04753008845333906,0.32235814894028464,219572,second,zeros,egreedy,0,4,True,False,0.999,50578,0.03369282057821579
0.7837250378314017,0.013853546422179796,0.9441971671896544,177707,first,random,boltzmann,0,4,False,True,0.9354000000000001,2,0.0630881169565633
0.3954995029891959,0.09287335730621094,0.5791315459387039,190834,first,random,egreedy,1,4,True,True,0.999,0,0.040553570118532334
0.2363640274801072,0.06354521885844838,0.9325062195479246,235990,second,random,egreedy,1,2,False,True,0.9766,158210,0.14151531844569684
0.6634103136409327,0.07818207183682917,0.8468707334238766,232930,first,random,boltzmann,1,6,True,True,0.9652000000000001,0,0.030433177349418274
0.3349958721324744,0.005671910867993994,0.2856321646080352,136187,second,zeros,egreedy,1,2,False,False,0.966,69549,0.12018034026742642
0.44978026882350697,0.02092485277222843,0.31399643671437855,244725,second,random,boltzmann,0,6,True,True,0.9722000000000001,0,0.028764531617121253
0.7591874242437849,0.03912347151038337,0.2845788023524576,89905,first,zeros,egreedy,0,4,False,False,1.0,0,0.032912518769812577
0.30410914970916214,0.00823342900273121,0.6573229410180271,172743,second,random,boltzmann,0,6,False,False,0.9726000000000001,2,0.028254690493970808
0.07863973486419729,0.08382293361378165,0.6879051502059396,65005,first,zeros,egreedy,0,6,False,False,1.0,7730,0.015900315360356895
0.9295688089961589,0.09454277900770293,0.664073896106819,168841,second,random,boltzmann,1,2,True,True,0.8382000000000001,1500,0.15284676115398507
0.5015345779926926,0.06648718324260014,0.9615281239050111,125173,second,random,egreedy,0,6,True,True,1.0,0,0.01422511244437698
0.6433405709054407,0.07963034021219328,0.9248231374716348,185377,second,random,boltzmann,1,2,True,True,0.8784000000000001,2367,0.12609439142935747
0.08581588257296169,0.0672997204408382,0.5608811184929544,159175,second,zeros,boltzmann,0,4,True,False,0.9462,3,0.054320087953510274
0.9859954193376961,0.053379286152740596,0.09258025898142117,90048,second,random,egreedy,0,6,False,False,1.0,83,0.01134506041222459
0.7745891337644761,0.07521764068980569,0.7113790963495733,119603,first,zeros,boltzmann,0,2,False,True,0.8280000000000001,0,0.18604717272978097
0.5950477685247368,0.03677710628131524,0.9811514204009395,168299,second,random,boltzmann,0,4,False,True,0.9442,1,0.05653866036042993
0.7978539188914753,0.07040709426358562,0.7126833115227341,129216,first,zeros,boltzmann,1,4,False,True,0.9322,1,0.06253714710252599
0.20371941037533692,0.03914901696375829,0.7088186729843174,225401,first,zeros,boltzmann,0,4,True,True,0.936,1,0.05985244076113237
0.613832098989449,0.017740386522048616,0.8570824744528318,232660,first,random,egreedy,1,6,False,False,1.0,0,0.014558583340496863
0.7413978629773773,0.09747239112363724,0.5689000060263902,174605,first,random,boltzmann,0,4,True,True,0.9414000000000001,2,0.06331891984765613
0.2769341125478173,0.01619511239296008,0.4204412183049532,135805,second,zeros,boltzmann,1,2,True,False,0.838,5,0.15098560435919148
0.12173777804245933,0.0310347683489769,0.16264348072229978,241307,first,random,egreedy,0,6,False,True,1.0,0,0.014856593468071793
0.5307053104836026,0.002402921129542263,0.9753633160157665,126663,first,zeros,boltzmann,0,4,True,False,0.9294000000000001,1448,0.06403764319493459
0.8746600347797339,0.04827245214949666,0.105752329773496,227217,first,random,boltzmann,0,6,False,True,0.9702000000000001,0,0.03145451264650092
0.9065433951381623,0.08441144209110926,0.4969006874741699,116876,second,random,egreedy,1,4,True,True,0.9997999999999999,28744,0.03088401382661966
0.83708829233009,0.0970494523058233,0.03225864357878821,218973,second,random,boltzmann,0,6,False,True,0.9706,5,0.029273015394592018
0.5689365217828838,0.056875999119166784,0.5821467706548751,73097,second,zeros,boltzmann,0,6,False,True,0.9723999999999999,0,0.028835656730098358
0.4335344144829292,0.06752425153776269,0.4895097441085262,222525,first,zeros,egreedy,1,6,True,False,0.9997999999999999,18994,0.015235142118863048
0.06399743015419623,0.025852942711153768,0.7228397607592061,248481,first,zeros,boltzmann,1,2,True,True,0.8226,3695,0.1761140690837529
0.5235196276763414,0.06902985223369075,0.043162140685734145,151849,first,zeros,boltzmann,0,2,False,False,0.8172,88,0.18828177992611078
0.4370382205436404,0.05137719514077149,0.6940654959731137,130942,first,zeros,boltzmann,1,4,True,True,0.9378000000000001,1066,0.059437002642391275
0.731084721938763,0.043887686619499267,0.620870026390631,51767,second,random,boltzmann,1,2,True,True,0.8446,4,0.14799389572507582
0.3238936511074557,0.09847119099879884,0.33772701147105866,107623,second,zeros,boltzmann,1,6,True,False,0.9738000000000001,0,0.029493695585516098
0.07970479321871893,0.04607429132632189,0.9706609718426821,188715,second,random,egreedy,0,4,False,True,1.0,0,0.03601727472643934
0.7290781867602255,0.03373841700077749,0.9261692185756247,185611,first,zeros,egreedy,0,6,True,False,1.0,0,0.014139248212659805
0.19143995229299027,0.06120852094597936,0.3871101653010163,117824,second,zeros,boltzmann,0,2,False,True,0.8496,771,0.1558324280282455
0.5112205716132893,0.09212815689609541,0.20569618448917393,102899,second,zeros,egreedy,1,4,True,False,1.0,0,0.03541919746547585
0.8142196627510101,0.03382227151651407,0.1713320606305766,157993,second,zeros,egreedy,0,4,False,True,1.0,31282,0.028741779699100592
0.3471651015153223,0.09568924339643671,0.2798392650013553,66095,first,random,egreedy,1,4,False,True,0.9985999999999999,16872,0.03825100234510931
0.7707815025537144,0.09301931269802759,0.13018339209250746,237704,second,zeros,egreedy,0,6,False,False,1.0,0,0.012754518224346244
0.38171118441476803,0.08832398942199039,0.03687919991328903,228276,second,zeros,boltzmann,0,6,True,False,0.9724,0,0.028247384744782632
0.9367472955563688,0.018412306598406643,0.4533765286284963,153319,second,random,boltzmann,0,6,True,True,0.97,0,0.02998062862398007
0.8244461451538035,0.025765297075493042,0.5270481091356334,63922,second,random,egreedy,1,2,False,False,0.9872000000000001,0,0.10657989424611244
0.7922440664276069,0.02022575268530828,0.06896439677275934,89663,first,random,egreedy,0,6,True,True,1.0,0,0.013334374268092749
0.08165808748382619,0.08380835343758193,0.16189592833388458,172005,first,zeros,boltzmann,1,6,True,True,0.9744,0,0.029744484171971734
0.8848651904361137,0.08938021090427987,0.6377399400109207,151696,second,zeros,boltzmann,1,4,False,False,0.9445999999999999,1,0.0588110431389094
0.4138000310117693,0.05340566751588779,0.945398121970503,228698,first,random,egreedy,1,4,True,False,0.9982000000000001,0,0.041178322503913456
0.02209943749975818,0.05988216840152708,0.1749977591864091,202915,first,zeros,boltzmann,1,2,False,True,0.7998,5,0.18737895177783806
0.35869327459639755,0.029347565056745514,0.84859526806967,182193,second,zeros,egreedy,0,6,False,True,1.0,0,0.014581240772148214
0.5322427693499397,0.056422046897671725,0.7299137005195211,240096,first,zeros,egreedy,1,6,False,True,1.0,3,0.015463814474210306
0.3895664976729507,0.01842008131798441,0.5493688339594903,77639,second,random,egreedy,0,2,False,True,0.9748,44137,0.11925965043341623
0.7827441416797714,0.04972825891245662,0.7431721731092926,54526,first,zeros,egreedy,1,2,True,False,0.976,37112,0.13831933389575615
0.2951712668359704,0.08335418232943904,0.6724802438044745,75779,first,zeros,boltzmann,1,4,True,False,0.942,1,0.060101083413610625
0.7425598216746356,0.08319659803786346,0.5445330997627007,211204,first,random,egreedy,1,6,True,False,1.0,0,0.014448589988825962
0.6277753042081494,0.07695086034255896,0.630277900538949,127876,second,random,boltzmann,0,2,True,False,0.858,625,0.15657199161687882
0.8859732477652572,0.0055240063679689675,0.2123404484176318,137608,first,random,boltzmann,1,6,True,False,0.97,0,0.03442387070519156
0.5411756765849105,0.0012490768054561276,0.9456171066676913,100786,second,zeros,boltzmann,1,4,False,True,0.9894000000000001,29994,0.05011807195443811
0.8402974775806705,0.00907322710807347,0.6130195396453513,124713,first,random,boltzmann,1,6,True,False,0.9738,26,0.03220033196218517
0.6376931754913117,0.017449533923255142,0.030123993385828905,145882,first,random,boltzmann,0,6,False,False,0.9682000000000001,0,0.030827655228198133
0.6187230988459769,0.09819143645441016,0.016621916212132708,103724,second,zeros,egreedy,1,6,False,True,1.0,0,0.014334194593343867
0.29036855134130024,0.03514786400968099,0.458670650358602,221152,first,random,boltzmann,1,4,False,True,0.9398000000000001,5,0.060712089422659515
0.691074450320637,0.045556659324981354,0.22974750747009892,107683,second,random,egreedy,1,6,False,False,1.0,0,0.013866627044194533
0.5346746867789989,0.02409779679620241,0.3544981314416525,121965,first,zeros,boltzmann,1,6,True,True,0.9688000000000001,27,0.031085967285696705
0.7778589584395407,0.0701489945316272,0.5072652507098487,87791,second,zeros,egreedy,1,2,False,True,0.982,0,0.11428506338918566
0.056437458151839426,0.09426067997483131,0.7421170371605962,150051,second,random,boltzmann,1,4,False,True,0.9438,10,0.053680415325456
0.10739391060465076,0.05378915617362476,0.7972872411701968,218249,first,random,boltzmann,0,2,True,False,0.8088,2,0.1882620309829598
0.5274097974309007,0.026088906349750512,0.5301337076216809,72253,second,zeros,boltzmann,0,2,True,True,0.8428000000000001,1128,0.15543714447842996
0.7856712196324251,0.09793365039617295,0.6960428558994661,176933,second,zeros,egreedy,0,2,True,True,0.9986,93102,0.10031367805892626
0.11206579123588067,0.08599871680491064,0.6835135578148646,244314,second,random,egreedy,0,4,True,True,1.0,0,0.03552313825650597
0.3696523395533302,0.08693198692462525,0.42649145211977313,114580,first,zeros,boltzmann,0,6,True,True,0.9702000000000001,0,0.0294414382963868
0.35166379279986193,0.0291135719540941,0.7237858077749901,122713,second,zeros,boltzmann,1,4,True,True,0.9420000000000001,1,0.050656409671346964
0.481780422724594,0.09845842155147452,0.4252896480566874,93620,second,random,boltzmann,0,2,False,True,0.841,2,0.15610339671010467
0.4069327035040323,0.06850950551596645,0.7392936924907261,166010,second,zeros,boltzmann,0,2,False,False,0.8533999999999999,228,0.15651105355099088
0.9601186778021524,0.061484747902627646,0.5690827173525036,57017,second,random,boltzmann,0,4,True,True,0.9386,110,0.05863865163021553
0.8891423565628559,0.03221165370324246,0.6594925718260255,174863,first,random,egreedy,0,2,False,True,1.0,0,0.11530626833578286
0.1145276192521183,0.05847516285791988,0.9531969109959053,102669,first,random,egreedy,0,4,False,False,1.0,0,0.03926209469265308
0.6873568512471785,0.049647822126307486,0.9854351179041215,84682,first,random,egreedy,1,2,True,True,0.8144000000000001,0,0.251146642733993
0.09144101488682865,0.06536686453117195,0.9007273073729585,151845,first,zeros,egreedy,0,2,False,False,0.9168,89780,0.17062530870295364
0.1811686481685234,0.05646171625258455,0.3083087716582531,242994,first,random,egreedy,1,4,True,False,1.0,70327,0.04022650765039464
0.7252417357255545,0.0701560061478025,0.953685759367066,120361,first,zeros,egreedy,0,2,False,True,0.98,0,0.1289088658286322
0.5363468093292993,0.03653757382816844,0.95637467297311,156807,first,zeros,boltzmann,1,6,False,True,0.9862000000000001,0,0.01204282972061196
0.12815097116992147,0.011912791869175467,0.08800338377620151,119160,second,zeros,boltzmann,0,4,True,False,0.9428,371,0.054855656260490084
0.33039600455893925,0.05686685701607606,0.5849272091015396,110511,first,zeros,boltzmann,1,6,False,True,0.9684,2,0.03008569282695839
0.9355400177183054,0.015168855267367297,0.646696391908727,99002,second,zeros,egreedy,1,6,True,True,1.0,0,0.01207652370659178
0.8422307368070924,0.09621401496175523,0.6864488395599537,178659,first,zeros,boltzmann,0,4,True,True,0.9244,1,0.06380758875847284
0.47489936286639856,0.08032119550586563,0.03499768064434404,151200,first,random,boltzmann,1,2,False,False,0.8106000000000001,1056,0.1871706349206349
0.8513368041901821,0.02137405920684417,0.24922341345181323,105355,first,random,egreedy,1,4,False,True,1.0,0,0.03324948982013193
0.13930536781280622,0.024387183606317826,0.5554301895253815,88405,second,zeros,egreedy,1,4,True,False,0.9957999999999999,24106,0.03962671794581754
0.1860992405883577,0.02410975773063479,0.7409369236015267,235149,second,zeros,egreedy,1,2,True,True,0.9726,0,0.13589086068832953
0.5427072592781567,0.05987567503283661,0.14257688433509258,165220,second,zeros,egreedy,1,4,True,False,0.9997999999999999,46112,0.03458540128313762
0.9741032494671613,0.03531797661285419,0.9399914864992925,214714,second,zeros,egreedy,1,4,False,False,1.0,46893,0.030226254459420433
0.10835138539040456,0.0686271293887755,0.3764828858365524,171644,first,random,egreedy,0,4,False,True,1.0,0,0.04063177273892474
0.9102210964221127,0.08765501273475895,0.3951779015944871,63781,first,zeros,egreedy,1,2,False,False,0.9376,1,0.13672723851930824
0.8210898556485737,0.08448117459677884,0.309236333432137,230578,second,random,egreedy,0,4,False,False,1.0,0,0.02891342625922681
0.9761431359376941,0.0026624234718084653,0.7293105250592367,235204,first,zeros,boltzmann,0,4,False,True,0.9405999999999999,2147,0.06523018316015033
0.6698474534893185,0.08256607653443555,0.6108904846365829,134155,second,random,boltzmann,0,4,False,False,0.9421999999999999,2,0.057481271663374446
0.8058185023083598,0.056355182654572976,0.6307778745581997,223795,second,zeros,egreedy,1,2,False,False,1.0,0,0.10964230657521393
0.8746833649735851,0.0831778384584421,0.08044955840182415,205258,first,random,egreedy,0,2,True,True,0.9754,0,0.11929181810209587
0.9392232385295995,0.09748631895187192,0.020188188407362594,237723,first,random,boltzmann,0,4,False,True,0.942,1,0.06370944334372357
0.1368470655623233,0.05114286428926939,0.7070220761659406,149732,second,random,egreedy,0,2,True,True,0.9816,92049,0.12510084684636552
0.8505964664555247,0.09281463011051637,0.7519827653390074,162296,second,zeros,boltzmann,1,2,True,True,0.8612000000000001,2,0.14480948390594958
0.7760808168355599,0.008389419408306325,0.39103485069346267,200538,second,zeros,boltzmann,0,2,True,False,0.846,2108,0.1546300451784699
0.12615449939033097,0.0611023424270732,0.9842884303783817,54055,second,random,boltzmann,0,6,True,False,0.9756,0,0.0274498196281565
0.8521499952566177,0.0347078981532667,0.16049126628008545,137801,second,zeros,egreedy,0,6,True,False,1.0,0,0.011693674211362763
0.2505343166738696,0.05535366074735495,0.35318214421554717,177330,first,zeros,boltzmann,0,2,True,True,0.8152,2,0.1888242260192861
0.05039512891741871,0.06189326605862593,0.7485329597080091,53173,second,random,boltzmann,1,6,True,False,0.9718,0,0.02721305925939856
0.8769130227528182,0.07803573539312825,0.5026196641064097,94989,second,zeros,egreedy,0,2,True,True,0.9997999999999999,0,0.09757340323616419
0.732630193413657,0.08840100334167506,0.8893609973644061,165334,first,random,egreedy,0,6,False,True,1.0,0,0.013746718763230786
0.3895224568074963,0.02133861135032936,0.8171578683774705,238345,first,random,boltzmann,0,4,True,False,0.941,1,0.06167781996685476
0.8334430711654635,0.034931826680775234,0.41853762660195026,157786,second,random,boltzmann,0,4,False,False,0.9406,2,0.057584323070487865
0.5541936540102762,0.04738879251169251,0.9509092127609086,93141,first,zeros,egreedy,1,6,True,True,1.0,7,0.015419632600036504
0.9518135159542808,0.08618458980242476,0.28423908555407984,80122,second,zeros,boltzmann,0,4,False,False,0.9428000000000001,44,0.0581038915653628
0.3475890810302592,0.057788469890587675,0.6041233247616788,219051,second,zeros,boltzmann,0,4,True,True,0.946,1,0.0559303541184473
0.35242931297316005,0.06112663084187216,0.4173257143008178,216179,first,zeros,boltzmann,1,2,True,True,0.7988,0,0.18735584862544463
0.584813917817237,0.0030508354676134644,0.8846831547572966,225178,second,random,boltzmann,1,6,True,True,0.981,0,0.019732833580545162
0.33426932411578236,0.008727695038074879,0.44592512131966594,242932,second,zeros,boltzmann,0,6,False,True,0.9694,0,0.028300100439629196
0.3397134138761001,0.04962296473790662,0.0312205339098278,241831,second,zeros,egreedy,0,4,False,False,1.0,60738,0.03534865257142385
0.4945067745025573,0.008856691530144664,0.01262104277399995,99297,second,zeros,egreedy,0,2,True,True,0.9778,56110,0.11903078642859298
0.15241785206368186,0.09467639563379478,0.36683022602389037,204305,first,zeros,boltzmann,1,2,False,False,0.811,735,0.18680893761777734
0.34076794702629076,0.06111419359717056,0.004471623432294703,53615,second,zeros,boltzmann,0,6,False,True,0.9762000000000001,0,0.028189872237247032
0.4173641136686963,0.03492724463761344,0.7144390747304505,218525,first,zeros,egreedy,1,2,True,False,0.9156,100136,0.15242832627845782
0.15961204343257573,0.08789256981150062,0.04791975654484455,175790,second,zeros,boltzmann,0,2,True,False,0.8452000000000001,2,0.15753342055862105
0.5560485929233984,0.03592124960148606,0.8527753831557917,152286,first,random,egreedy,0,6,True,True,1.0,0,0.014183838304243331
0.885240118131504,0.056931527123365716,0.39257041961783246,153661,first,random,egreedy,0,6,True,True,1.0,12602,0.012323231008518752
0.09003465079188899,0.05146536902074684,0.0604067959072562,83492,first,random,egreedy,0,4,False,True,0.9994,0,0.040799118478417086
0.03634156461939897,0.04356535698832427,0.760504322769037,79519,second,zeros,egreedy,1,4,False,False,0.9977999999999999,0,0.04198744954036142
0.6727443001666121,0.08082182397607518,0.26533320383360937,190100,first,zeros,boltzmann,0,4,False,True,0.9312,58,0.06291635981062597
0.31562028385560936,0.032631254499367456,0.5650466495749689,117278,first,random,boltzmann,0,6,False,False,0.9664,0,0.029654325619468267
0.7555158226275762,0.060717788051985994,0.5383917769845328,159161,second,zeros,boltzmann,1,2,False,True,0.849,1425,0.1537487198497119
0.3674567358121704,0.09429961402009263,0.9810121109922281,195933,first,random,egreedy,1,2,False,True,0.9435999999999999,121019,0.17028678170599126
0.9956246750221989,0.0951232215323022,0.05729327441552709,192194,second,random,boltzmann,1,2,False,True,0.8438000000000001,1369,0.15520463698138334
0.8117378283488627,0.06310727756184771,0.36063274205374346,83677,first,zeros,boltzmann,0,6,True,True,0.9714,0,0.031511645972011414
0.007385136020185645,0.04892567482790187,0.673379617622721,220159,second,random,egreedy,0,2,True,False,0.9783999999999998,0,0.1280392807016747
0.6439512880375664,0.08721835408047711,0.9011925220169771,239757,first,random,boltzmann,0,2,True,False,0.8134000000000001,36,0.18781182614063396
0.33913313386669397,0.0033009021108198486,0.709938750809595,75520,second,zeros,boltzmann,0,2,True,True,0.8450000000000001,5015,0.16568061440677964
0.03724817444314865,0.07705731135474737,0.6433302288806401,146946,first,zeros,egreedy,0,6,True,False,1.0,15940,0.01692458454126005
0.017383721311000966,0.053387890184740994,0.4158930080260144,194878,first,random,egreedy,1,4,True,True,0.997,58339,0.04423690719321833
0.5853349797359989,0.008053493109197502,0.14028188611124456,99438,first,random,boltzmann,1,6,True,True,0.972,0,0.03494036485045957
0.5038876893958116,0.05393967582854927,0.004651425600444011,148960,second,random,boltzmann,1,6,True,False,0.9672000000000001,0,0.029958378088077327
0.8938931931675617,0.030236836126777248,0.37867888563601115,84289,second,random,boltzmann,1,4,False,True,0.9458000000000001,1535,0.058970921472552756
0.03603577111952816,0.029026174615594445,0.8309535989215251,127475,second,random,egreedy,0,4,True,False,0.999,0,0.03576858207491663
0.08649211166923676,0.05086633820448207,0.17697131042578296,127460,second,zeros,egreedy,1,6,False,False,1.0,0,0.01561431037188137
0.2946074627512608,0.08034790084916334,0.6360048743291915,125619,second,zeros,egreedy,0,2,True,True,0.9812,0,0.12179367770799003
0.9016061053369356,0.08869296525729509,0.17500378432642644,67406,second,zeros,boltzmann,0,2,False,False,0.839,0,0.15438388274040885
0.6298612125461052,0.003430995126272847,0.18944509654144867,207747,first,zeros,boltzmann,1,4,True,True,0.9402,1,0.06644042994604013
0.21670602648569937,0.09356147802753485,0.49825847860865025,72146,first,zeros,egreedy,0,6,False,True,1.0,0,0.014531644165996723
0.13473613420322506,0.06319779596570176,0.12201643868936177,124156,first,random,boltzmann,0,4,False,True,0.9364000000000001,1,0.059351138889783814
0.01101896220333265,0.029998830737494514,0.7676168729520452,221013,first,zeros,boltzmann,1,4,False,False,0.9436,977,0.057670815743870264
0.18486232317917994,0.01960919516316557,0.7446937476692516,174054,first,zeros,egreedy,1,6,True,False,1.0,14810,0.016951061164925826
0.5591036153755492,0.007402075871499789,0.3955695958752751,62641,second,zeros,egreedy,1,6,False,True,1.0,0,0.01452722657684264
0.14021276696478657,0.09754500553915113,0.44368237889434764,107254,second,zeros,egreedy,1,6,False,False,1.0,0,0.016691218975516064
0.014052936638203617,0.061011590210033544,0.8675198533209021,159977,second,random,boltzmann,1,2,False,False,0.8892,1142,0.09778780699725584
0.3193945792108711,0.018218323630287983,0.8086416138325224,96631,second,random,egreedy,0,4,True,False,1.0,25898,0.036211981662199494
0.5289302983299214,0.06946271856912142,0.2279026753031706,248428,first,zeros,boltzmann,0,2,False,False,0.8206,0,0.18759640620219947
0.561864714453471,0.09273387087919692,0.4010356911844382,73995,first,zeros,boltzmann,1,2,True,True,0.8196,0,0.1856422731265626
0.3532600114634238,0.031451586731567,0.836484324119761,153472,second,zeros,boltzmann,0,6,True,False,0.9692000000000001,2,0.02783830275229357
0.20822815751121193,0.034282579130232124,0.4902612263441523,118465,first,random,boltzmann,1,2,True,True,0.8064000000000001,2043,0.18513822648039505
0.5427978854393368,0.0673308286507346,0.33865594442220476,198781,second,zeros,boltzmann,1,2,True,False,0.8514,1123,0.152930109014443
0.5782554568352646,0.09040213763100258,0.04739196937158262,223078,second,zeros,boltzmann,1,6,True,False,0.9708,0,0.030299715794475466
0.11813025590935322,0.06615028483989469,0.503169642475932,90396,second,zeros,egreedy,0,6,True,False,1.0,7884,0.014655515730784547
0.8429276897842828,0.07397516912006835,0.2129375813804296,107312,second,random,egreedy,1,4,False,True,0.9996,0,0.031301252422841805
0.5955985371307047,0.018064493475691303,0.47407539737553805,101614,first,zeros,boltzmann,1,4,True,False,0.9316,8,0.06242643730194658
0.7928600955214056,0.02844598467741856,0.5200421174609353,190864,second,random,egreedy,0,6,True,True,1.0,0,0.012273660826557127
0.4964005420766098,0.06748109108173352,0.823743545580123,229359,first,random,boltzmann,1,2,True,False,0.828,4,0.16650927149141737
0.5775264709633812,0.004058577348186865,0.5178675862195886,157758,first,zeros,egreedy,0,6,True,False,1.0,0,0.014500690931680165
0.8079687740919184,0.09578519847977195,0.10791776779105426,50443,first,zeros,egreedy,1,2,True,False,0.9554,28369,0.14386931784390303
0.039515781457118426,0.0044573261990552785,0.06811482279867692,139882,first,random,egreedy,0,2,True,True,0.9158,1,0.16863642212722152
0.7097482530433344,0.060635242632781874,0.8268907964064361,173208,second,random,egreedy,0,2,False,False,0.995,91308,0.10257955752621127
0.06557895978065964,0.03360700770627173,0.25398856488587285,96848,second,random,egreedy,1,6,True,False,1.0,9447,0.015888815463406578
0.20389308288383778,0.09227138661289638,0.6093683352621009,194288,second,random,egreedy,0,2,True,False,0.9832000000000001,0,0.1240704521123281
0.8871341395068167,0.08412359790802172,0.843904244865338,168190,second,zeros,boltzmann,0,2,False,False,0.8383999999999999,9,0.1541720673048338
0.9471764504750821,0.07969094853276586,0.12758101380167475,73941,second,zeros,boltzmann,1,4,False,True,0.943,3,0.05912551899487428
0.8385474666357426,0.0583200593935996,0.3723999238548405,248453,second,random,egreedy,1,2,True,True,0.9724,120495,0.11046837832507557
0.48819006702496204,0.03133227145930244,0.7254384786776406,225751,second,zeros,egreedy,0,6,False,False,1.0,0,0.014160734614686095
0.958082031264768,0.052073692179873836,0.1580924658249078,221617,first,zeros,boltzmann,1,6,False,True,0.967,0,0.03253811756318333
0.5274901818987796,0.00567121778671642,0.510376694519995,221956,second,zeros,egreedy,0,2,False,True,0.99,134465,0.11676368289210472
0.14875283476115153,0.03769909888952692,0.837946396885433,114128,first,random,egreedy,0,2,False,False,0.9051999999999999,57600,0.16824092247301273
0.5415300797541555,0.08234466892668302,0.18298168873937,81531,second,zeros,boltzmann,1,4,False,True,0.9462,1,0.057889637070562106
0.17530173233875723,0.004937440723888907,0.3869739270665945,191843,second,zeros,boltzmann,1,2,True,False,0.8636,1,0.148098184452912
0.6469211248430508,0.04957340305276681,0.8022007059611574,57120,second,zeros,egreedy,0,6,True,False,1.0,5848,0.013595938375350137
0.7357386363289886,0.014014603933399858,0.8521778860088642,172174,first,zeros,egreedy,1,6,True,True,1.0,0,0.013446861895524286
0.08640267060280948,0.08499826833085558,0.10439490838369495,135718,second,zeros,boltzmann,1,2,True,False,0.8484,1009,0.1559572053817474
0.49097766085762484,0.06132266739790226,0.7373472038432444,231660,first,random,boltzmann,0,6,False,True,0.9728000000000001,0,0.03017353017353017
0.47006426860603057,0.03487221488958337,0.5699741632640404,232919,first,random,egreedy,0,6,True,True,1.0,0,0.014372378380467026
0.13894365513980989,0.05845640672721757,0.6104526815506888,209667,second,random,egreedy,1,2,False,False,0.9632000000000001,119871,0.1349559062704193
0.22557246866771075,0.061430831682672445,0.6067545649998903,179235,first,random,egreedy,1,4,False,True,0.9997999999999999,0,0.04206321310011994
0.6684603813847063,0.011152624075944657,0.6925885424894678,57609,first,random,boltzmann,1,2,False,True,0.83,0,0.16792167890433782
0.9416942987781123,0.06979278977904553,0.407428676808794,79697,first,random,egreedy,1,2,True,False,0.9833999999999999,0,0.13235880898904598
0.36105205216457337,0.03170416979455634,0.29194094108308116,104058,first,random,egreedy,1,6,False,True,1.0,0,0.01448807395875377
0.4074048317659371,0.02467703367308697,0.8099384354530771,196983,second,random,boltzmann,1,2,True,False,0.8647999999999999,2190,0.11955447932055051
0.39559773311026114,0.05531190512475718,0.1178612568934221,89064,first,random,boltzmann,1,2,False,False,0.8246000000000001,1,0.18670843438426296
0.24085800835765891,0.08015452612251057,0.6422502322588495,149406,second,random,boltzmann,1,2,False,False,0.8383999999999999,547,0.15448643294111344
0.7132921508535143,0.06956736931934822,0.04951248420459551,165946,second,zeros,boltzmann,0,6,True,False,0.9678,2,0.028961228351391404
0.8608164320871395,0.006550537091161877,0.6901203252467561,84665,first,zeros,egreedy,1,4,False,False,0.9984,0,0.03258961790586428
0.6909945397137268,0.03759301872879681,0.6599920951840144,62910,second,random,egreedy,1,2,True,False,0.985,38958,0.11853123509775869
0.46463636388467344,0.09504464737651375,0.871702087776345,129668,second,random,boltzmann,1,6,True,True,0.9682000000000001,296,0.027129284017645056
0.5992100559547519,0.03790513355415041,0.9661703890693638,220874,second,random,egreedy,1,6,True,True,1.0,0,0.015245796245823411
0.7654973741527415,0.03118221650667091,0.9449695986524347,83460,first,random,boltzmann,1,4,False,True,0.9778000000000001,0,0.018691588785046728
0.08677576569176615,0.07943027302999961,0.5723250855345663,216461,first,zeros,egreedy,0,2,True,False,0.91,119100,0.17245231242579498
0.5805685296041381,0.03385205763811387,0.2719216691681275,186487,first,zeros,boltzmann,1,6,False,True,0.967,0,0.03162472451162815
0.6551414699063038,0.08891523585254205,0.5068899336978362,219074,first,zeros,egreedy,0,4,True,False,0.999,51005,0.034528971945552635
0.33346783384520196,0.04810084084340814,0.8746386276220227,172978,first,random,egreedy,1,4,False,True,0.9994,3,0.04236376880296916
0.37350943920974855,0.017727477749495388,0.5901453062629015,157918,second,random,boltzmann,1,6,True,False,0.9720000000000001,0,0.028641446826834168
0.6270940965877172,0.08964760298646451,0.3998963825954483,153932,second,random,boltzmann,1,4,False,True,0.944,813,0.057917781877712224
0.11157539502385938,0.00420911513486209,0.633281325000853,141668,first,random,boltzmann,0,4,False,True,0.9402,14,0.06072789903153852
0.48645447226676786,0.0870173452643368,0.8876039863778861,226839,first,zeros,egreedy,1,4,True,True,0.9984,66303,0.042382482730042
0.05132094156164846,0.030247013721600775,0.8821772001739404,249914,second,random,boltzmann,0,6,False,True,0.9712000000000001,0,0.027319798010515615
0.9164980849794703,0.034304811734795146,0.7311740447598761,52554,second,random,egreedy,0,2,True,True,1.0,26260,0.093442934886022
0.22856944564998471,0.06803913872001167,0.5265989505189863,54143,first,random,egreedy,0,2,True,False,0.9348,28952,0.16412093899488392
0.0076290257909319426,0.04325112444653925,0.9829213839577889,166261,second,zeros,egreedy,1,4,False,True,0.9952,39169,0.04272920287980944
0.3417060591644214,0.0022732968867051145,0.20629286476779557,208704,second,zeros,egreedy,1,4,True,True,0.9996,53421,0.034979684145967485
0.09835211253196674,0.07794356825226799,0.5022887291267695,186515,first,zeros,egreedy,1,6,True,True,1.0,0,0.017701525346486877
0.38338485666515787,0.05894426527098597,0.369818798317507,200645,second,random,boltzmann,1,4,True,False,0.935,1,0.05686162127139973
0.3171409709380103,0.0746742167380355,0.5324274820762555,137779,second,random,boltzmann,1,4,True,True,0.9458000000000001,3,0.056220469011968435
0.6784651126473248,0.07788729559669817,0.4729243860618563,151677,second,zeros,boltzmann,0,6,True,True,0.9684,0,0.029259544954080046
0.16845367477340212,0.0878688969848963,0.7616519812331409,184738,first,zeros,boltzmann,0,4,True,False,0.941,2,0.060074267340774486
0.7316820880232754,0.02417973349485851,0.6447147124973113,239941,first,random,boltzmann,0,4,True,True,0.9364000000000001,10,0.0634631013457475
0.9091499889248144,0.08979748883462126,0.5086974662800979,73654,second,random,boltzmann,1,2,True,True,0.8436,1592,0.15356667662312976
0.34391905945765655,0.008257334293781103,0.2220460679610817,87341,second,random,boltzmann,1,6,False,False,0.971,0,0.02985310449846005
0.03207931617043325,0.08418875670846726,0.38666304988169115,178070,first,random,boltzmann,0,4,False,True,0.9464000000000001,1,0.058811703262761826
0.5129293563115193,0.09028311121707373,0.297688637356961,238718,first,random,egreedy,0,2,True,True,0.9564,128079,0.14369590898047066
0.4717131430042102,0.05871380800542232,0.8189749264833317,95396,second,zeros,boltzmann,0,2,True,True,0.8378000000000001,0,0.1562874753658434
0.3358791993023854,0.053839831135967305,0.6930460061527678,164582,first,zeros,boltzmann,1,2,False,True,0.8296000000000001,0,0.1808958452321639
0.6621569967772862,0.076729448677968,0.04114912397565419,212982,first,zeros,boltzmann,1,2,True,False,0.813,0,0.18622982223849902
0.4338569548252158,0.07980978805026984,0.19108571501417865,192099,second,zeros,egreedy,0,6,True,True,1.0,0,0.014263478727114665
0.5038633592387323,0.02477511335939519,0.24031936008116045,76739,first,random,egreedy,0,2,False,False,0.9601999999999999,45584,0.13901406064712857
0.3693567015754372,0.018195043098692396,0.5982941561223433,66427,first,random,boltzmann,1,6,False,True,0.9672000000000001,1147,0.029888448974061742
0.4105252244722528,0.06306093194410042,0.4681380558998829,86884,second,random,boltzmann,0,6,True,False,0.9698000000000001,0,0.028569126651627454
0.18617178127402634,0.08250875949788072,0.8786736429053167,174195,second,zeros,egreedy,1,6,True,False,1.0,17916,0.01796607250495134
0.7302031072399241,0.0038536423817234263,0.127956194295446,72399,first,zeros,egreedy,1,2,False,False,0.9758,39984,0.12936919018218482
0.45769118293758515,0.030785563736194985,0.26175642469012816,183953,second,random,egreedy,1,2,False,True,0.9782000000000001,107592,0.11996216424847653
0.9235518349153508,0.043457658168275466,0.1996244972640258,158219,first,random,egreedy,1,4,True,False,1.0,0,0.0313249356904038
0.051387340590818176,0.004486679176983621,0.5776640787371751,146066,second,zeros,egreedy,1,4,False,False,0.9975999999999999,0,0.039880601919680146
0.003561484395800729,0.05348475415911972,0.3016662096102989,121310,second,random,egreedy,1,6,False,False,1.0,0,0.01725002060835875
0.3940209971011789,0.07300199186227159,0.24233273605285593,244728,second,zeros,egreedy,0,2,True,False,0.975,135237,0.12000670131738095
0.14181062742894557,0.05527428112962752,0.33340225683812036,70895,second,zeros,egreedy,1,6,False,False,1.0,0,0.015651315325481342
0.5008834227526008,0.09889792315984089,0.5978840372126989,145993,second,random,boltzmann,0,4,False,True,0.9358,131,0.0566027138287452
0.11127332528877643,0.03533400145887253,0.1644058969899414,230302,second,random,egreedy,1,6,False,False,1.0,19211,0.014839645335255445
0.6354091223569704,0.09215417013284116,0.9578953853995981,94869,second,zeros,egreedy,0,6,False,False,1.0,7783,0.01398560119744068
0.6529110146406197,0.039367217503668006,0.3955325300342925,92695,second,random,boltzmann,0,4,False,True,0.9464000000000001,1,0.05696963158746426
0.1261645478696065,0.07184037888839184,0.6246363901978549,215009,second,random,egreedy,1,2,True,False,0.9728,132869,0.13786492658446856
0.5955761345661152,0.08762958256559081,0.2737716937333505,152668,first,zeros,egreedy,1,2,False,True,0.9582,88119,0.14560484187911021
0.2174081854013834,0.031875521319321996,0.828094868133864,190200,second,random,egreedy,0,2,False,True,0.9762,116475,0.12376971608832807
0.5106410748713661,0.006839347005059819,0.6094294626926131,233998,second,zeros,boltzmann,1,6,False,True,0.9706000000000001,0,0.02771220266839887
0.33122930370072323,0.0309259584147405,0.41804972187332634,184304,second,random,egreedy,1,2,True,False,0.978,107870,0.12443028908759445
0.8670966079359781,0.03146355191789588,0.6760622854766629,82865,second,zeros,egreedy,0,4,False,False,1.0,18674,0.027357750558136724
0.7071742923974778,0.06491672107263101,0.9882084878676108,86913,second,zeros,boltzmann,1,2,False,False,0.9591999999999999,1290,0.04558121339730535
0.23039464293209733,0.0771307961347379,0.9351473147954434,102612,second,zeros,egreedy,1,2,True,False,0.9598,61155,0.14413129068724903
0.41641969072788176,0.001359788848854824,0.13814618632576964,126394,first,zeros,egreedy,1,6,False,True,1.0,0,0.01451967656692564
0.46561416638975517,0.09855257674733968,0.03352227428670971,158521,second,zeros,egreedy,0,4,True,False,1.0,3,0.03432352811299448
0.894306172449722,0.020493844002744146,0.0115109950611518,166861,first,random,boltzmann,1,4,False,False,0.9368,2,0.06434457422645194
0.5127854555454872,0.08324475643939022,0.5278877868335846,113832,first,random,egreedy,1,2,True,True,0.9353999999999999,1,0.1505288495326446
0.7175015319137652,0.09869966069185533,0.3469553745245823,233258,first,random,egreedy,0,4,False,False,1.0,59934,0.033345908821991094
0.5339034859027662,0.05002401569826437,0.9027691688390332,141096,second,zeros,egreedy,0,2,False,False,0.989,83310,0.11503090094687302
0.4652088945970978,0.09193328978318005,0.9291958919709011,184843,first,random,boltzmann,1,2,False,False,0.8994000000000001,1104,0.09569526571198257
0.4068349559473329,0.08933339666164739,0.5327204980312481,136879,first,random,boltzmann,0,6,False,True,0.974,0,0.029614477019849643
0.6957935298049411,0.08406045848977428,0.9391649105628724,228305,first,zeros,boltzmann,1,6,True,True,0.9772000000000001,334,0.02081338560259302
0.3784927413313106,0.01938181654748037,0.5807301800396503,82425,second,zeros,egreedy,1,4,False,False,0.9997999999999999,0,0.035486806187443126
0.31651311557861417,0.09178703051775111,0.525191033964256,166370,first,zeros,egreedy,1,4,True,True,0.9996,50199,0.04073811384263989
0.9557216996397487,0.02651714946312163,0.4397049172940293,220175,second,random,egreedy,1,2,False,False,0.9997999999999999,113946,0.10002952197115929
0.6497891342575985,0.035326469753133416,0.2469879354758468,224839,second,zeros,egreedy,1,4,False,True,0.9996,54747,0.033619612255880886
0.7910488384779696,0.0528226030622858,0.38119018128661647,121446,first,zeros,egreedy,0,2,True,True,0.9728,67891,0.12499382441578973
0.8596641955551895,0.007540758763648269,0.5896121525887786,59481,first,random,egreedy,0,6,False,True,1.0,0,0.011778551133975551
0.08039342304549912,0.09677199693704809,0.26219531972934956,243053,first,zeros,egreedy,1,4,False,True,0.9984,73731,0.043718036806786986
0.9120886069049661,0.01642677658248448,0.06859462202252194,172383,second,zeros,boltzmann,0,6,True,False,0.9704,10,0.03022455810607774
0.8701131139493163,0.06033564979349873,0.2441113421540773,66832,second,zeros,egreedy,0,2,False,False,0.9994,37955,0.09654656451999043
0.15335329529514508,0.01698149868053263,0.6781070928521582,205425,first,zeros,egreedy,1,4,False,False,1.0,0,0.042355117439454776
0.5920021416911581,0.03388993446863758,0.11063590943595222,158001,first,random,egreedy,0,6,False,False,1.0,16393,0.014346744640856694
0.0574978876691421,0.06971666707825708,0.21218241184325828,229663,second,random,egreedy,1,4,False,False,0.9984000000000001,64112,0.03958060288335518
0.47719227723269075,0.014892053018852693,0.9571379841904871,148634,first,random,egreedy,1,2,False,False,0.9696,96025,0.14528304425636124
0.6508751984730501,0.03227183668947398,0.18983780635527506,98824,second,random,boltzmann,1,4,True,False,0.9412,1,0.05752044037885533
0.8232948282552768,0.0901349117340843,0.45239998709989,130349,first,random,boltzmann,1,4,False,True,0.9472,1,0.0639590637442558
0.5654607014714329,0.01884131723055289,0.6262910408244264,58083,second,random,egreedy,1,4,True,False,0.9988,16183,0.0366923196115903
0.4566032549267871,0.06800713139537348,0.6900155255451939,166357,second,zeros,boltzmann,0,6,True,True,0.9743999999999999,0,0.028708139723606457
0.12259991865667097,0.09458054896887334,0.6820505234257217,227340,second,random,boltzmann,0,2,False,False,0.8462000000000001,4,0.15706870766253186
0.941217329923898,0.054438671842296345,0.34111156923553587,72702,first,zeros,boltzmann,0,6,True,False,0.9624000000000001,0,0.03206239168110918
0.12483743018435678,0.020823997789162718,0.9421616513441282,71907,first,zeros,egreedy,1,6,True,True,1.0,0,0.01680503984313071
0.4243083628674186,0.050534838040753274,0.2818994510751069,99192,second,random,egreedy,1,6,False,True,1.0,9939,0.01437414307605452
0.43020833916676204,0.04082896792939294,0.8833986210921431,236680,first,zeros,egreedy,0,6,False,False,1.0,20672,0.014443974987324658
0.7873078988013938,0.047633810215175536,0.48689319836179945,246531,second,zeros,egreedy,0,6,False,True,1.0,3,0.012396818250037519
0.7007064332386012,0.007879789593973473,0.5598909751298061,137232,second,random,egreedy,0,4,True,False,0.9986,32573,0.03283782208231315
0.35178675907766843,0.08820448534516145,0.35816752626995524,157551,first,random,boltzmann,0,2,False,False,0.8102,73,0.18886836643372615
0.2445894673174397,0.0225876618161632,0.13045070773882422,64780,second,zeros,egreedy,0,4,False,True,0.999,0,0.03566532880518678
0.1741797891092175,0.060279737893400534,0.20348061030486372,53198,second,random,egreedy,1,2,False,False,0.9768,33084,0.12748599571412458
0.8084396763714028,0.010700255575427017,0.23955230574404124,158285,first,random,egreedy,0,6,True,False,1.0,13045,0.013293742300281134
0.243845983359125,0.08962670143328696,0.6245583304428665,152952,second,zeros,egreedy,1,2,False,True,0.9582,89844,0.13615774883623621
