avg_rev_last_1000,time_to_converge,avg_regret_of_seller,no_sale_rate,price_volatility,winner_entropy,auction_type,alpha,gamma,reserve_price,init,exploration,asynchronous,n_bidders,median_opp_past_bid_index,winner_bid_index_state,auction_type_coded,alpha_coded,gamma_coded,reserve_price_coded,init_coded,exploration_coded,asynchronous_coded,n_bidders_coded,median_opp_past_bid_index_coded,winner_bid_index_state_coded,cell_id,replicate,seed,auction_type_code,theoretical_revenue,ratio_to_theory
1.0,52718,0.09202999999999999,0.0,0.207893432075186,0.6931255322017278,second,0.01,0.0,0.0,zeros,egreedy,0,2,False,False,-1,-1,-1,-1,-1,-1,-1,-1,-1,-1,0,0,420000,0,1.0,1.0
1.0,73691,0.11373199999999999,0.0,0.21011480713172023,0.6867012704898017,second,0.01,0.0,0.0,zeros,egreedy,1,2,False,True,-1,-1,-1,-1,-1,-1,1,-1,-1,1,4,0,420004,0,1.0,1.0
1.0,54008,0.09223599999999998,0.0,0.20899693850389292,0.6931417355480627,second,0.01,0.0,0.0,zeros,egreedy,0,2,True,True,-1,-1,-1,-1,-1,-1,-1,-1,1,1,1,0,420001,0,1.0,1.0
1.0,23841,0.027289999999999995,0.0,0.09923132519522249,1.385429506382656,second,0.01,0.0,0.0,zeros,egreedy,1,4,False,False,-1,-1,-1,-1,-1,-1,1,1,-1,-1,6,0,420006,0,1.0,1.0
1.0,74181,0.112042,0.0,0.21242172731620462,0.6928519064945435,second,0.01,0.0,0.0,zeros,egreedy,1,2,True,False,-1,-1,-1,-1,-1,-1,1,-1,1,-1,5,0,420005,0,1.0,1.0
1.0,22514,0.027705999999999995,0.0,0.10007186199926531,1.3852555804265978,second,0.01,0.0,0.0,zeros,egreedy,1,4,True,True,-1,-1,-1,-1,-1,-1,1,1,1,1,7,0,420007,0,1.0,1.0
0.73,1000,0.26667199999999996,0.0,0.26268544766697677,0.6931406283436348,second,0.01,0.0,0.0,zeros,boltzmann,0,2,False,True,-1,-1,-1,-1,-1,1,-1,-1,-1,1,8,0,420008,0,1.0,0.73
0.734,1000,0.26528599999999997,0.0,0.2617581674064823,0.6931450997565021,second,0.01,0.0,0.0,zeros,boltzmann,0,2,True,False,-1,-1,-1,-1,-1,1,-1,-1,1,-1,9,0,420009,0,1.0,0.734
0.7372000000000001,1000,0.266408,0.0,0.26171812611280865,0.6931458027573125,second,0.01,0.0,0.0,zeros,boltzmann,1,2,False,False,-1,-1,-1,-1,-1,1,1,-1,-1,-1,12,0,420012,0,1.0,0.7372000000000001
1.0,23264,0.02724399999999999,0.0,0.09972444266076395,1.3862845107875152,second,0.01,0.0,0.0,zeros,egreedy,0,4,False,True,-1,-1,-1,-1,-1,-1,-1,1,-1,1,2,0,420002,0,1.0,1.0
1.0,23454,0.027193999999999992,0.0,0.09982027030618579,1.3862806102210696,second,0.01,0.0,0.0,zeros,egreedy,0,4,True,False,-1,-1,-1,-1,-1,-1,-1,1,1,-1,3,0,420003,0,1.0,1.0
0.8776,1000,0.12429599999999999,0.0,0.17522586676629678,1.3862812000438922,second,0.01,0.0,0.0,zeros,boltzmann,1,4,False,True,-1,-1,-1,-1,-1,1,1,1,-1,1,14,0,420014,0,1.0,0.8776
0.869,1000,0.12621399999999997,0.0,0.17592733216871104,1.3862838843387175,second,0.01,0.0,0.0,zeros,boltzmann,1,4,True,False,-1,-1,-1,-1,-1,1,1,1,1,-1,15,0,420015,0,1.0,0.869
0.8760000000000001,1000,0.12357999999999997,0.0,0.17386426774929917,1.3862424940960305,second,0.01,0.0,0.0,zeros,boltzmann,0,4,False,False,-1,-1,-1,-1,-1,1,-1,1,-1,-1,10,0,420010,0,1.0,0.8760000000000001
1.0,56087,0.092384,0.0,0.20852145343824938,0.6931433717531097,second,0.01,0.0,0.0,random,egreedy,0,2,False,True,-1,-1,-1,-1,1,-1,-1,-1,-1,1,16,0,420016,0,1.0,1.0
0.8708,1000,0.12546799999999997,0.0,0.1759709662870554,1.3862921638702796,second,0.01,0.0,0.0,zeros,boltzmann,0,4,True,True,-1,-1,-1,-1,-1,1,-1,1,1,1,11,0,420011,0,1.0,0.8708
1.0,55410,0.09158399999999998,0.0,0.20763518715285229,0.6931459637574517,second,0.01,0.0,0.0,random,egreedy,0,2,True,False,-1,-1,-1,-1,1,-1,-1,-1,1,-1,17,0,420017,0,1.0,1.0
1.0,69586,0.115822,0.0,0.2135079959064765,0.6913509015606617,second,0.01,0.0,0.0,random,egreedy,1,2,True,True,-1,-1,-1,-1,1,-1,1,-1,1,1,21,0,420021,0,1.0,1.0
1.0,24189,0.027672000000000002,0.0,0.10082390795838057,1.3852690170732327,second,0.01,0.0,0.0,random,egreedy,1,4,False,True,-1,-1,-1,-1,1,-1,1,1,-1,1,22,0,420022,0,1.0,1.0
1.0,23048,0.027856,0.0,0.10037152616155638,1.3849933530239011,second,0.01,0.0,0.0,random,egreedy,1,4,True,False,-1,-1,-1,-1,1,-1,1,1,1,-1,23,0,420023,0,1.0,1.0
0.7358000000000001,1000,0.26574,0.0,0.2618500570937497,0.6931444893555312,second,0.01,0.0,0.0,random,boltzmann,0,2,False,False,-1,-1,-1,-1,1,1,-1,-1,-1,-1,24,0,420024,0,1.0,0.7358000000000001
1.0,22775,0.027307999999999992,0.0,0.1000433562811644,1.386266223945094,second,0.01,0.0,0.0,random,egreedy,0,4,False,False,-1,-1,-1,-1,1,-1,-1,1,-1,-1,18,0,420018,0,1.0,1.0
0.7372000000000001,1000,0.26519,0.0,0.2619455361329908,0.6931469067579203,second,0.01,0.0,0.0,random,boltzmann,0,2,True,True,-1,-1,-1,-1,1,1,-1,-1,1,1,25,0,420025,0,1.0,0.7372000000000001
1.0,24367,0.027867999999999997,0.0,0.10003686608445907,1.3862662956232763,second,0.01,0.0,0.0,random,egreedy,0,4,True,True,-1,-1,-1,-1,1,-1,-1,1,1,1,19,0,420019,0,1.0,1.0
0.7384000000000001,1585,0.26659799999999995,0.0,0.26309600224252744,0.6931436957538974,second,0.01,0.0,0.0,random,boltzmann,1,2,False,True,-1,-1,-1,-1,1,1,1,-1,-1,1,28,0,420028,0,1.0,0.7384000000000001
1.0,75847,0.107038,0.0,0.2109598695392088,0.6846888988171296,second,0.01,0.0,0.0,random,egreedy,1,2,False,False,-1,-1,-1,-1,1,-1,1,-1,-1,-1,20,0,420020,0,1.0,1.0
0.7312000000000001,1426,0.26588399999999995,0.0,0.2619574365121174,0.6931455605570706,second,0.01,0.0,0.0,random,boltzmann,1,2,True,False,-1,-1,-1,-1,1,1,1,-1,1,-1,29,0,420029,0,1.0,0.7312000000000001
0.8726000000000002,1000,0.12427999999999999,0.0,0.17558383069064187,1.386284179263355,second,0.01,0.0,0.0,random,boltzmann,1,4,False,False,-1,-1,-1,-1,1,1,1,1,-1,-1,30,0,420030,0,1.0,0.8726000000000002
0.8684000000000001,1000,0.12705199999999997,0.0,0.17613911915301492,1.3862884439068595,second,0.01,0.0,0.0,random,boltzmann,1,4,True,True,-1,-1,-1,-1,1,1,1,1,1,1,31,0,420031,0,1.0,0.8684000000000001
1.0,77982,0.17841,0.07644,0.27381138015064316,0.6924565682250938,second,0.01,0.0,0.5,zeros,egreedy,0,2,False,True,-1,-1,-1,1,-1,-1,-1,-1,-1,1,32,0,420032,0,1.0,1.0
0.8838000000000001,1000,0.12425399999999998,0.0,0.17489580750835623,1.3862942547020587,second,0.01,0.0,0.0,random,boltzmann,0,4,False,True,-1,-1,-1,-1,1,1,-1,1,-1,1,26,0,420026,0,1.0,0.8838000000000001
1.0,75510,0.178122,0.07502,0.27219432969112345,0.6926426564180705,second,0.01,0.0,0.5,zeros,egreedy,0,2,True,False,-1,-1,-1,1,-1,-1,-1,-1,1,-1,33,0,420033,0,1.0,1.0
1.0,77267,0.17117199999999996,0.0752,0.2754272071092469,0.689391542836878,second,0.01,0.0,0.5,zeros,egreedy,1,2,False,False,-1,-1,-1,1,-1,-1,1,-1,-1,-1,36,0,420036,0,1.0,1.0
1.0,75345,0.17683200000000002,0.07517,0.27557946907561887,0.6694186462131387,second,0.01,0.0,0.5,zeros,egreedy,1,2,True,True,-1,-1,-1,1,-1,-1,1,-1,1,1,37,0,420037,0,1.0,1.0
1.0,25069,0.031987999999999996,0.01187,0.1297565715330056,1.3856782159443153,second,0.01,0.0,0.5,zeros,egreedy,1,4,False,True,-1,-1,-1,1,-1,-1,1,1,-1,1,38,0,420038,0,1.0,1.0
0.8716,1000,0.12441999999999998,0.0,0.17511500107072495,1.3862849275584612,second,0.01,0.0,0.0,random,boltzmann,0,4,True,False,-1,-1,-1,-1,1,1,-1,1,1,-1,27,0,420027,0,1.0,0.8716
1.0,26670,0.031594,0.01131,0.12777096369676483,1.3852087255591554,second,0.01,0.0,0.5,zeros,egreedy,1,4,True,False,-1,-1,-1,1,-1,-1,1,1,1,-1,39,0,420039,0,1.0,1.0
1.0,25929,0.031338,0.01129,0.12765551204707143,1.3862497252863486,second,0.01,0.0,0.5,zeros,egreedy,0,4,False,False,-1,-1,-1,1,-1,-1,-1,1,-1,-1,34,0,420034,0,1.0,1.0
1.0,25418,0.030755999999999995,0.01056,0.12513220394446825,1.3862791428218175,second,0.01,0.0,0.5,zeros,egreedy,0,4,True,True,-1,-1,-1,1,-1,-1,-1,1,1,1,35,0,420035,0,1.0,1.0
0.8418000000000001,1000,0.15042199999999997,0.04786,0.23498940809321595,1.3862844697925762,second,0.01,0.0,0.5,zeros,boltzmann,0,4,False,True,-1,-1,-1,1,-1,1,-1,1,-1,1,42,0,420042,0,1.0,0.8418000000000001
0.8496,1000,0.15137399999999998,0.04867,0.23617432570878655,1.38628321543851,second,0.01,0.0,0.5,zeros,boltzmann,0,4,True,False,-1,-1,-1,1,-1,1,-1,1,1,-1,43,0,420043,0,1.0,0.8496
0.6334000000000001,98065,0.34745,0.20909,0.3644663187456421,0.693146428485896,second,0.01,0.0,0.5,zeros,boltzmann,1,2,False,True,-1,-1,-1,1,-1,1,1,-1,-1,1,44,0,420044,0,1.0,0.6334000000000001
0.8434,1000,0.15094799999999997,0.04794,0.2351482538655135,1.3862740492905794,second,0.01,0.0,0.5,zeros,boltzmann,1,4,False,False,-1,-1,-1,1,-1,1,1,1,-1,-1,46,0,420046,0,1.0,0.8434
0.8536,1000,0.15278399999999998,0.04954,0.2373508991851516,1.386275527273804,second,0.01,0.0,0.5,zeros,boltzmann,1,4,True,True,-1,-1,-1,1,-1,1,1,1,1,1,47,0,420047,0,1.0,0.8536
1.0,75688,0.17660399999999998,0.07515,0.27191584577585765,0.691907053266076,second,0.01,0.0,0.5,random,egreedy,0,2,False,False,-1,-1,-1,1,1,-1,-1,-1,-1,-1,48,0,420048,0,1.0,1.0
1.0,76737,0.17798399999999998,0.07554,0.27296610731737375,0.6928520215844063,second,0.01,0.0,0.5,random,egreedy,0,2,True,True,-1,-1,-1,1,1,-1,-1,-1,1,1,49,0,420049,0,1.0,1.0
1.0,24749,0.03154999999999999,0.01141,0.12800702129180258,1.3862560841587945,second,0.01,0.0,0.5,random,egreedy,0,4,False,True,-1,-1,-1,1,1,-1,-1,1,-1,1,50,0,420050,0,1.0,1.0
1.0,23588,0.031301999999999996,0.01144,0.1278334259730216,1.386280591222085,second,0.01,0.0,0.5,random,egreedy,0,4,True,False,-1,-1,-1,1,1,-1,-1,1,1,-1,51,0,420051,0,1.0,1.0
1.0,76646,0.174208,0.07605,0.27626431679824304,0.6925918227882528,second,0.01,0.0,0.5,random,egreedy,1,2,False,True,-1,-1,-1,1,1,-1,1,-1,-1,1,52,0,420052,0,1.0,1.0
1.0,73626,0.17271599999999998,0.07429,0.2729519799232092,0.6898554071689027,second,0.01,0.0,0.5,random,egreedy,1,2,True,False,-1,-1,-1,1,1,-1,1,-1,1,-1,53,0,420053,0,1.0,1.0
1.0,27294,0.031434,0.01114,0.1272332646912748,1.3852226927064526,second,0.01,0.0,0.5,random,egreedy,1,4,False,False,-1,-1,-1,1,1,-1,1,1,-1,-1,54,0,420054,0,1.0,1.0
1.0,26744,0.03598799999999999,0.0123,0.1340241166954664,1.3853065499351649,second,0.01,0.0,0.5,random,egreedy,1,4,True,True,-1,-1,-1,1,1,-1,1,1,1,1,55,0,420055,0,1.0,1.0
0.6524,20464,0.346572,0.20834,0.3642656294738772,0.6931428864872344,second,0.01,0.0,0.5,random,boltzmann,0,2,False,True,-1,-1,-1,1,1,1,-1,-1,-1,1,56,0,420056,0,1.0,0.6524
0.6582,48398,0.34575199999999995,0.20786,0.3641257399525609,0.6931393241043482,second,0.01,0.0,0.5,zeros,boltzmann,0,2,False,False,-1,-1,-1,1,-1,1,-1,-1,-1,-1,40,0,420040,0,1.0,0.6582
0.8492000000000001,1000,0.15190399999999998,0.04968,0.23765936712867008,1.3862869638293178,second,0.01,0.0,0.5,random,boltzmann,0,4,False,False,-1,-1,-1,1,1,1,-1,1,-1,-1,58,0,420058,0,1.0,0.8492000000000001
0.8552000000000001,1014,0.151648,0.04898,0.23649711223606937,1.3862771954790842,second,0.01,0.0,0.5,random,boltzmann,0,4,True,True,-1,-1,-1,1,1,1,-1,1,1,1,59,0,420059,0,1.0,0.8552000000000001
0.6294000000000001,98392,0.345612,0.20796,0.364272899700211,0.6931328517664987,second,0.01,0.0,0.5,random,boltzmann,1,2,False,False,-1,-1,-1,1,1,1,1,-1,-1,-1,60,0,420060,0,1.0,0.6294000000000001
0.6476000000000001,88268,0.34627,0.20837,0.36431948493046595,0.6931457692265506,second,0.01,0.0,0.5,zeros,boltzmann,0,2,True,True,-1,-1,-1,1,-1,1,-1,-1,1,1,41,0,420041,0,1.0,0.6476000000000001
0.8398,1000,0.15185999999999997,0.04888,0.23631026300184252,1.386245710394712,second,0.01,0.0,0.5,random,boltzmann,1,4,False,True,-1,-1,-1,1,1,1,1,1,-1,1,62,0,420062,0,1.0,0.8398
0.8458000000000001,1000,0.15262399999999998,0.05062,0.23898182906656312,1.3862807689937233,second,0.01,0.0,0.5,random,boltzmann,1,4,True,False,-1,-1,-1,1,1,1,1,1,1,-1,63,0,420063,0,1.0,0.8458000000000001
1.0,55187,0.09239,0.0,0.208571541443218,0.693142437350446,second,0.01,0.95,0.0,zeros,egreedy,0,2,False,True,-1,-1,1,-1,-1,-1,-1,-1,-1,1,64,0,420064,0,1.0,1.0
1.0,52627,0.09149399999999999,0.0,0.20742913962122098,0.6920712424215942,second,0.01,0.95,0.0,zeros,egreedy,0,2,True,False,-1,-1,1,-1,-1,-1,-1,-1,1,-1,65,0,420065,0,1.0,1.0
1.0,23341,0.027471999999999993,0.0,0.10066026632192068,1.3853087023234982,second,0.01,0.95,0.0,zeros,egreedy,0,4,False,False,-1,-1,1,-1,-1,-1,-1,1,-1,-1,66,0,420066,0,1.0,1.0
1.0,23545,0.027387999999999992,0.0,0.1004564455672208,1.3856213075396957,second,0.01,0.95,0.0,zeros,egreedy,0,4,True,True,-1,-1,1,-1,-1,-1,-1,1,1,1,67,0,420067,0,1.0,1.0
1.0,75234,0.11843599999999999,0.0,0.22084771654694552,0.673342747880888,second,0.01,0.95,0.0,zeros,egreedy,1,2,False,False,-1,-1,1,-1,-1,-1,1,-1,-1,-1,68,0,420068,0,1.0,1.0
0.9056000000000002,56148,0.15903199999999998,0.0,0.2133692174986823,0.689363123314576,second,0.01,0.95,0.0,zeros,egreedy,1,2,True,True,-1,-1,1,-1,-1,-1,1,-1,1,1,69,0,420069,0,1.0,0.9056000000000002
1.0,24416,0.028449999999999996,0.0,0.10149580040573106,1.381299551503476,second,0.01,0.95,0.0,zeros,egreedy,1,4,False,True,-1,-1,1,-1,-1,-1,1,1,-1,1,70,0,420070,0,1.0,1.0
1.0,24698,0.028141999999999997,0.0,0.10057647754818219,1.3732157917763625,second,0.01,0.95,0.0,zeros,egreedy,1,4,True,False,-1,-1,1,-1,-1,-1,1,1,1,-1,71,0,420071,0,1.0,1.0
0.664,91027,0.34717800000000004,0.20993,0.36530950756310737,0.6931323008106367,second,0.01,0.0,0.5,random,boltzmann,0,2,True,False,-1,-1,-1,1,1,1,-1,-1,1,-1,57,0,420057,0,1.0,0.664
0.7394000000000001,1000,0.26522799999999996,0.0,0.26119362169853994,0.6931471605579452,second,0.01,0.95,0.0,zeros,boltzmann,0,2,False,False,-1,-1,1,-1,-1,1,-1,-1,-1,-1,72,0,420072,0,1.0,0.7394000000000001
0.732,1000,0.265436,0.0,0.2621200677246975,0.6931183002799208,second,0.01,0.95,0.0,zeros,boltzmann,0,2,True,True,-1,-1,1,-1,-1,1,-1,-1,1,1,73,0,420073,0,1.0,0.732
0.8806,1000,0.12386,0.0,0.17387898205361102,1.3862875101021332,second,0.01,0.95,0.0,zeros,boltzmann,0,4,False,True,-1,-1,1,-1,-1,1,-1,1,-1,1,74,0,420074,0,1.0,0.8806
0.7800000000000001,47145,0.19050399999999998,0.0,0.22247747298097395,0.6922189501184639,second,0.01,0.95,0.0,zeros,boltzmann,1,2,False,True,-1,-1,1,-1,-1,1,1,-1,-1,1,76,0,420076,0,1.0,0.7800000000000001
0.8802000000000001,1000,0.12373399999999998,0.0,0.17482075747462025,1.386281268457747,second,0.01,0.95,0.0,zeros,boltzmann,0,4,True,False,-1,-1,1,-1,-1,1,-1,1,1,-1,75,0,420075,0,1.0,0.8802000000000001
0.8784000000000001,1000,0.12324199999999998,0.0,0.1740178422921052,1.3862872539091138,second,0.01,0.95,0.0,zeros,boltzmann,1,4,False,False,-1,-1,1,-1,-1,1,1,1,-1,-1,78,0,420078,0,1.0,0.8784000000000001
0.8937999999999999,1000,0.10764999999999998,0.0,0.16250993046580262,1.3862658252524585,second,0.01,0.95,0.0,zeros,boltzmann,1,4,True,True,-1,-1,1,-1,-1,1,1,1,1,1,79,0,420079,0,1.0,0.8937999999999999
1.0,55272,0.09165199999999998,0.0,0.20751845916929895,0.6930715336504412,second,0.01,0.95,0.0,random,egreedy,0,2,False,False,-1,-1,1,-1,1,-1,-1,-1,-1,-1,80,0,420080,0,1.0,1.0
1.0,54801,0.09267199999999999,0.0,0.20915998760757276,0.6931461723576064,second,0.01,0.95,0.0,random,egreedy,0,2,True,True,-1,-1,1,-1,1,-1,-1,-1,1,1,81,0,420081,0,1.0,1.0
1.0,21898,0.027697999999999997,0.0,0.10075922189060413,1.3854417795861846,second,0.01,0.95,0.0,random,egreedy,0,4,False,True,-1,-1,1,-1,1,-1,-1,1,-1,1,82,0,420082,0,1.0,1.0
0.6387999999999999,97750,0.34851399999999993,0.21259,0.36703459210815537,0.6931409031917014,second,0.01,0.0,0.5,random,boltzmann,1,2,True,True,-1,-1,-1,1,1,1,1,-1,1,1,61,0,420061,0,1.0,0.6387999999999999
1.0,83837,0.1315,0.0,0.2235865604190019,0.6909384170663383,second,0.01,0.95,0.0,random,egreedy,1,2,False,True,-1,-1,1,-1,1,-1,1,-1,-1,1,84,0,420084,0,1.0,1.0
0.9684,82838,0.174584,0.0,0.2214796309912042,0.6771411824254258,second,0.01,0.95,0.0,random,egreedy,1,2,True,False,-1,-1,1,-1,1,-1,1,-1,1,-1,85,0,420085,0,1.0,0.9684
1.0,24142,0.027431999999999998,0.0,0.09982126715284674,1.3849164029910703,second,0.01,0.95,0.0,random,egreedy,1,4,False,False,-1,-1,1,-1,1,-1,1,1,-1,-1,86,0,420086,0,1.0,1.0
0.7402000000000001,59596,0.268422,0.0,0.26327557789510214,0.6931414005468092,second,0.01,0.0,0.0,zeros,boltzmann,1,2,True,True,-1,-1,-1,-1,-1,1,1,-1,1,1,13,0,420013,0,1.0,0.7402000000000001
1.0,27194,0.032535999999999995,0.0,0.10672866861345173,1.3747206106750987,second,0.01,0.95,0.0,random,egreedy,1,4,True,True,-1,-1,1,-1,1,-1,1,1,1,1,87,0,420087,0,1.0,1.0
0.7404000000000001,1000,0.26453799999999994,0.0,0.261524848830852,0.6931471677579453,second,0.01,0.95,0.0,random,boltzmann,0,2,False,True,-1,-1,1,-1,1,1,-1,-1,-1,1,88,0,420088,0,1.0,0.7404000000000001
1.0,21363,0.027257999999999998,0.0,0.09987092387677204,1.3853000736300483,second,0.01,0.95,0.0,random,egreedy,0,4,True,False,-1,-1,1,-1,1,-1,-1,1,1,-1,83,0,420083,0,1.0,1.0
0.7296000000000001,1000,0.2655,0.0,0.26191935781839415,0.6931406283436348,second,0.01,0.95,0.0,random,boltzmann,0,2,True,False,-1,-1,1,-1,1,1,-1,-1,1,-1,89,0,420089,0,1.0,0.7296000000000001
0.7404000000000001,1571,0.264694,0.0,0.2612980795260463,0.6931443483552715,second,0.01,0.95,0.0,random,boltzmann,1,2,False,False,-1,-1,1,-1,1,1,1,-1,-1,-1,92,0,420092,0,1.0,0.7404000000000001
0.7784,21857,0.23384199999999997,0.0,0.23891906377683633,0.6929681866780875,second,0.01,0.95,0.0,random,boltzmann,1,2,True,True,-1,-1,1,-1,1,1,1,-1,1,1,93,0,420093,0,1.0,0.7784
0.888,1000,0.10996399999999998,0.0,0.16532367859444694,1.386209343119012,second,0.01,0.95,0.0,random,boltzmann,1,4,False,True,-1,-1,1,-1,1,1,1,1,-1,1,94,0,420094,0,1.0,0.888
0.8810000000000001,1000,0.125016,0.0,0.1730612600901773,1.3862877902383126,second,0.01,0.95,0.0,random,boltzmann,1,4,True,False,-1,-1,1,-1,1,1,1,1,1,-1,95,0,420095,0,1.0,0.8810000000000001
0.8744000000000001,1000,0.12402199999999997,0.0,0.1743483395848667,1.3862752241404779,second,0.01,0.95,0.0,random,boltzmann,0,4,False,False,-1,-1,1,-1,1,1,-1,1,-1,-1,90,0,420090,0,1.0,0.8744000000000001
1.0,76017,0.176868,0.07518,0.2722309875381566,0.6923036756000702,second,0.01,0.95,0.5,zeros,egreedy,0,2,False,False,-1,-1,1,1,-1,-1,-1,-1,-1,-1,96,0,420096,0,1.0,1.0
0.8848,1000,0.12491799999999997,0.0,0.17480015239123792,1.3862773390908814,second,0.01,0.95,0.0,random,boltzmann,0,4,True,True,-1,-1,1,-1,1,1,-1,1,1,1,91,0,420091,0,1.0,0.8848
1.0,75878,0.17913199999999996,0.07585,0.2729053436193582,0.6931017400200379,second,0.01,0.95,0.5,zeros,egreedy,0,2,True,True,-1,-1,1,1,-1,-1,-1,-1,1,1,97,0,420097,0,1.0,1.0
0.6522,82028,0.348236,0.21049,0.36541440626226,0.6931412022140511,second,0.01,0.0,0.5,zeros,boltzmann,1,2,True,False,-1,-1,-1,1,-1,1,1,-1,1,-1,45,0,420045,0,1.0,0.6522
0.9,80316,0.24958199999999997,0.07994,0.2707951721800077,0.6901109744548635,second,0.01,0.95,0.5,zeros,egreedy,1,2,True,False,-1,-1,1,1,-1,-1,1,-1,1,-1,101,0,420101,0,1.0,0.9
1.0,24599,0.031956,0.01159,0.12878359392407093,1.3839321202754102,second,0.01,0.95,0.5,zeros,egreedy,1,4,False,False,-1,-1,1,1,-1,-1,1,1,-1,-1,102,0,420102,0,1.0,1.0
1.0,26631,0.03293,0.01187,0.13026440457776636,1.3818573159817222,second,0.01,0.95,0.5,zeros,egreedy,1,4,True,True,-1,-1,1,1,-1,-1,1,1,1,1,103,0,420103,0,1.0,1.0
0.8478000000000002,99737,0.22711199999999998,0.08494,0.28516966784004216,0.6928123055472297,second,0.01,0.95,0.5,zeros,egreedy,1,2,False,True,-1,-1,1,1,-1,-1,1,-1,-1,1,100,0,420100,0,1.0,0.8478000000000002
1.0,26179,0.031131999999999996,0.0115,0.12773565898369962,1.3855059862886412,second,0.01,0.95,0.5,zeros,egreedy,0,4,False,True,-1,-1,1,1,-1,-1,-1,1,-1,1,98,0,420098,0,1.0,1.0
0.9994,24086,0.03082,0.01086,0.12597034412908462,1.385354528076322,second,0.01,0.95,0.5,zeros,egreedy,0,4,True,False,-1,-1,1,1,-1,-1,-1,1,1,-1,99,0,420099,0,1.0,0.9994
0.8392000000000001,1000,0.15237199999999998,0.04959,0.23726519680728567,1.3862647330777267,second,0.01,0.95,0.5,zeros,boltzmann,0,4,False,False,-1,-1,1,1,-1,1,-1,1,-1,-1,106,0,420106,0,1.0,0.8392000000000001
0.855,1000,0.15224999999999997,0.04949,0.2373190626561634,1.3862796099088013,second,0.01,0.95,0.5,zeros,boltzmann,0,4,True,True,-1,-1,1,1,-1,1,-1,1,1,1,107,0,420107,0,1.0,0.855
0.674,97842,0.34509199999999995,0.20799,0.3646350388210107,0.6931322358775963,second,0.01,0.95,0.5,zeros,boltzmann,1,2,False,False,-1,-1,1,1,-1,1,1,-1,-1,-1,108,0,420108,0,1.0,0.674
0.8572000000000001,1000,0.14312399999999997,0.04449,0.22925165348149618,1.3862738907152683,second,0.01,0.95,0.5,zeros,boltzmann,1,4,False,True,-1,-1,1,1,-1,1,1,1,-1,1,110,0,420110,0,1.0,0.8572000000000001
0.8426000000000001,1000,0.153826,0.04806,0.23523171921320474,1.3862785048115156,second,0.01,0.95,0.5,zeros,boltzmann,1,4,True,False,-1,-1,1,1,-1,1,1,1,1,-1,111,0,420111,0,1.0,0.8426000000000001
0.9992000000000001,76318,0.176562,0.07471,0.2716819098799182,0.6921239974579898,second,0.01,0.95,0.5,random,egreedy,0,2,False,True,-1,-1,1,1,1,-1,-1,-1,-1,1,112,0,420112,0,1.0,0.9992000000000001
0.9997999999999999,77396,0.178396,0.07629,0.2737189565667676,0.6900236914052138,second,0.01,0.95,0.5,random,egreedy,0,2,True,False,-1,-1,1,1,1,-1,-1,-1,1,-1,113,0,420113,0,1.0,0.9997999999999999
1.0,24627,0.031193999999999996,0.01102,0.12669701797595712,1.3855157805818075,second,0.01,0.95,0.5,random,egreedy,0,4,False,False,-1,-1,1,1,1,-1,-1,1,-1,-1,114,0,420114,0,1.0,1.0
0.9994,25012,0.0314,0.01113,0.12696944514330996,1.3854841046380484,second,0.01,0.95,0.5,random,egreedy,0,4,True,True,-1,-1,1,1,1,-1,-1,1,1,1,115,0,420115,0,1.0,0.9994
0.5999999999999998,84980,0.23562799999999995,0.08347,0.28492708824539653,0.6925133071071932,second,0.01,0.95,0.5,random,egreedy,1,2,False,False,-1,-1,1,1,1,-1,1,-1,-1,-1,116,0,420116,0,1.0,0.5999999999999998
0.666,87134,0.34626799999999996,0.20804,0.3641572080516875,0.6931409305513179,second,0.01,0.95,0.5,zeros,boltzmann,0,2,False,True,-1,-1,1,1,-1,1,-1,-1,-1,1,104,0,420104,0,1.0,0.666
1.0,25166,0.037115999999999996,0.01177,0.132695148909069,1.38023327210417,second,0.01,0.95,0.5,random,egreedy,1,4,False,True,-1,-1,1,1,1,-1,1,1,-1,1,118,0,420118,0,1.0,1.0
1.0,27862,0.04021199999999999,0.01348,0.14043858108084117,1.3850842612733671,second,0.01,0.95,0.5,random,egreedy,1,4,True,False,-1,-1,1,1,1,-1,1,1,1,-1,119,0,420119,0,1.0,1.0
0.6418,90369,0.34756799999999993,0.2101,0.3652589292214497,0.693135730411693,second,0.01,0.95,0.5,zeros,boltzmann,0,2,True,False,-1,-1,1,1,-1,1,-1,-1,1,-1,105,0,420105,0,1.0,0.6418
0.6285999999999999,97838,0.34752,0.21032,0.36563294381113964,0.6931299179587693,second,0.01,0.95,0.5,random,boltzmann,0,2,True,True,-1,-1,1,1,1,1,-1,-1,1,1,121,0,420121,0,1.0,0.6285999999999999
0.7,76889,0.29625,0.08812,0.25958647403129465,0.6928394827712508,second,0.01,0.95,0.5,random,egreedy,1,2,True,True,-1,-1,1,1,1,-1,1,-1,1,1,117,0,420117,0,1.0,0.7
0.8378,1000,0.15259199999999998,0.04963,0.23747438079927694,1.3862729561272746,second,0.01,0.95,0.5,random,boltzmann,0,4,False,True,-1,-1,1,1,1,1,-1,1,-1,1,122,0,420122,0,1.0,0.8378
0.8548000000000001,1000,0.15274999999999997,0.05021,0.2381760640786559,1.3862710614625686,second,0.01,0.95,0.5,random,boltzmann,0,4,True,False,-1,-1,1,1,1,1,-1,1,1,-1,123,0,420123,0,1.0,0.8548000000000001
0.7464000000000001,49391,0.24644199999999997,0.0,0.23706779755167084,0.6929029556753667,second,0.01,0.95,0.0,zeros,boltzmann,1,2,True,False,-1,-1,1,-1,-1,1,1,-1,1,-1,77,0,420077,0,1.0,0.7464000000000001
0.8386000000000001,1000,0.15155199999999996,0.04907,0.23664317293342732,1.3862751478842543,second,0.01,0.95,0.5,random,boltzmann,1,4,False,False,-1,-1,1,1,1,1,1,1,-1,-1,126,0,420126,0,1.0,0.8386000000000001
0.8676000000000001,1488,0.144978,0.04448,0.22918852396226122,1.3862839531576248,second,0.01,0.95,0.5,random,boltzmann,1,4,True,True,-1,-1,1,1,1,1,1,1,1,1,127,0,420127,0,1.0,0.8676000000000001
1.0,57726,0.09160399999999998,0.0,0.20788628426137207,0.6928215100026397,second,0.1,0.0,0.0,zeros,egreedy,0,2,False,True,-1,1,-1,-1,-1,-1,-1,-1,-1,1,128,0,420128,0,1.0,1.0
1.0,54726,0.09233,0.0,0.2084734302015487,0.6917631619375078,second,0.1,0.0,0.0,zeros,egreedy,0,2,True,False,-1,1,-1,-1,-1,-1,-1,-1,1,-1,129,0,420129,0,1.0,1.0
1.0,23061,0.027195999999999994,0.0,0.09852297997929213,1.3861121587493828,second,0.1,0.0,0.0,zeros,egreedy,0,4,False,False,-1,1,-1,-1,-1,-1,-1,1,-1,-1,130,0,420130,0,1.0,1.0
1.0,23700,0.027357999999999993,0.0,0.09922066234409038,1.3862653694051421,second,0.1,0.0,0.0,zeros,egreedy,0,4,True,True,-1,1,-1,-1,-1,-1,-1,1,1,1,131,0,420131,0,1.0,1.0
1.0,77134,0.12739799999999998,0.0,0.21901540949440063,0.691670035295196,second,0.1,0.0,0.0,zeros,egreedy,1,2,False,False,-1,1,-1,-1,-1,-1,1,-1,-1,-1,132,0,420132,0,1.0,1.0
1.0,71064,0.12809,0.0,0.21782321249123104,0.6929936975054355,second,0.1,0.0,0.0,zeros,egreedy,1,2,True,True,-1,1,-1,-1,-1,-1,1,-1,1,1,133,0,420133,0,1.0,1.0
1.0,23877,0.028613999999999997,0.0,0.10133133278507687,1.3851369759627525,second,0.1,0.0,0.0,zeros,egreedy,1,4,False,True,-1,1,-1,-1,-1,-1,1,1,-1,1,134,0,420134,0,1.0,1.0
1.0,24707,0.028938,0.0,0.10282311100136972,1.3853273349319923,second,0.1,0.0,0.0,zeros,egreedy,1,4,True,False,-1,1,-1,-1,-1,-1,1,1,1,-1,135,0,420135,0,1.0,1.0
0.7372000000000001,1000,0.26510999999999996,0.0,0.26272473789120043,0.6931467573578857,second,0.1,0.0,0.0,zeros,boltzmann,0,2,False,False,-1,1,-1,-1,-1,1,-1,-1,-1,-1,136,0,420136,0,1.0,0.7372000000000001
0.7396000000000001,11462,0.26672399999999996,0.0,0.2623812261271755,0.6931342773024473,second,0.1,0.0,0.0,zeros,boltzmann,0,2,True,True,-1,1,-1,-1,-1,1,-1,-1,1,1,137,0,420137,0,1.0,0.7396000000000001
0.876,1000,0.12315999999999998,0.0,0.1741827040782178,1.3862859350298997,second,0.1,0.0,0.0,zeros,boltzmann,0,4,False,True,-1,1,-1,-1,-1,1,-1,1,-1,1,138,0,420138,0,1.0,0.876
0.874,1000,0.12407199999999997,0.0,0.17483403220197144,1.386288281548278,second,0.1,0.0,0.0,zeros,boltzmann,0,4,True,False,-1,1,-1,-1,-1,1,-1,1,1,-1,139,0,420139,0,1.0,0.874
0.7447999999999999,1000,0.264466,0.0,0.2612763572235345,0.6931468917579175,second,0.1,0.0,0.0,zeros,boltzmann,1,2,False,True,-1,1,-1,-1,-1,1,1,-1,-1,1,140,0,420140,0,1.0,0.7447999999999999
0.6554,75709,0.34811,0.2072,0.3622681712488691,0.693134956465516,second,0.01,0.95,0.5,zeros,boltzmann,1,2,True,True,-1,-1,1,1,-1,1,1,-1,1,1,109,0,420109,0,1.0,0.6554
0.875,1000,0.12340999999999998,0.0,0.17434899454829098,1.38629207657576,second,0.1,0.0,0.0,zeros,boltzmann,1,4,False,False,-1,1,-1,-1,-1,1,1,1,-1,-1,142,0,420142,0,1.0,0.875
0.8716000000000002,1000,0.12444199999999997,0.0,0.17504110556095098,1.3862827706401137,second,0.1,0.0,0.0,zeros,boltzmann,1,4,True,True,-1,1,-1,-1,-1,1,1,1,1,1,143,0,420143,0,1.0,0.8716000000000002
1.0,55532,0.09135399999999998,0.0,0.20681307184024897,0.6873341086622388,second,0.1,0.0,0.0,random,egreedy,0,2,False,False,-1,1,-1,-1,1,-1,-1,-1,-1,-1,144,0,420144,0,1.0,1.0
1.0,53943,0.091274,0.0,0.20776105728456426,0.6926929019640973,second,0.1,0.0,0.0,random,egreedy,0,2,True,True,-1,1,-1,-1,1,-1,-1,-1,1,1,145,0,420145,0,1.0,1.0
1.0,23328,0.02782399999999999,0.0,0.10069471199621158,1.386029842970087,second,0.1,0.0,0.0,random,egreedy,0,4,False,True,-1,1,-1,-1,1,-1,-1,1,-1,1,146,0,420146,0,1.0,1.0
1.0,23960,0.027252,0.0,0.09930824988891909,1.3859900820719493,second,0.1,0.0,0.0,random,egreedy,0,4,True,False,-1,1,-1,-1,1,-1,-1,1,1,-1,147,0,420147,0,1.0,1.0
1.0,74235,0.12711399999999998,0.0,0.21661955360493196,0.6857721874769366,second,0.1,0.0,0.0,random,egreedy,1,2,False,True,-1,1,-1,-1,1,-1,1,-1,-1,1,148,0,420148,0,1.0,1.0
1.0,77358,0.129352,0.0,0.21891381887857148,0.6927673556665267,second,0.1,0.0,0.0,random,egreedy,1,2,True,False,-1,1,-1,-1,1,-1,1,-1,1,-1,149,0,420149,0,1.0,1.0
1.0,23560,0.028561999999999994,0.0,0.10103371791634709,1.385187089555508,second,0.1,0.0,0.0,random,egreedy,1,4,False,False,-1,1,-1,-1,1,-1,1,1,-1,-1,150,0,420150,0,1.0,1.0
1.0,25375,0.029083999999999995,0.0,0.10198686652701903,1.3849536243705334,second,0.1,0.0,0.0,random,egreedy,1,4,True,True,-1,1,-1,-1,1,-1,1,1,1,1,151,0,420151,0,1.0,1.0
0.7364,1000,0.264484,0.0,0.26126043279455846,0.6931470453579391,second,0.1,0.0,0.0,random,boltzmann,0,2,False,True,-1,1,-1,-1,1,1,-1,-1,-1,1,152,0,420152,0,1.0,0.7364
0.7477999999999999,6045,0.26589,0.0,0.2620742411989397,0.6931297754569659,second,0.1,0.0,0.0,random,boltzmann,0,2,True,False,-1,1,-1,-1,1,1,-1,-1,1,-1,153,0,420153,0,1.0,0.7477999999999999
0.8672000000000001,1000,0.12462799999999999,0.0,0.17536436814815032,1.3862841687022531,second,0.1,0.0,0.0,random,boltzmann,0,4,False,False,-1,1,-1,-1,1,1,-1,1,-1,-1,154,0,420154,0,1.0,0.8672000000000001
0.8672000000000001,1000,0.12431999999999996,0.0,0.17559651932769052,1.3862831743548676,second,0.1,0.0,0.0,random,boltzmann,0,4,True,True,-1,1,-1,-1,1,1,-1,1,1,1,155,0,420155,0,1.0,0.8672000000000001
0.6654,91311,0.344388,0.2015,0.3587156331357751,0.6931442897247087,second,0.01,0.95,0.5,random,boltzmann,1,2,True,False,-1,-1,1,1,1,1,1,-1,1,-1,125,0,420125,0,1.0,0.6654
0.7380000000000001,1000,0.26670799999999995,0.0,0.26247522308972326,0.6931468605579112,second,0.1,0.0,0.0,random,boltzmann,1,2,True,True,-1,1,-1,-1,1,1,1,-1,1,1,157,0,420157,0,1.0,0.7380000000000001
0.875,1000,0.12523199999999998,0.0,0.17517804136363666,1.3862877981175021,second,0.1,0.0,0.0,random,boltzmann,1,4,False,True,-1,1,-1,-1,1,1,1,1,-1,1,158,0,420158,0,1.0,0.875
0.7462000000000001,25378,0.26352799999999993,0.0,0.26099538926195615,0.6931260554091876,second,0.1,0.0,0.0,zeros,boltzmann,1,2,True,False,-1,1,-1,-1,-1,1,1,-1,1,-1,141,0,420141,0,1.0,0.7462000000000001
0.8822000000000001,1000,0.12388999999999999,0.0,0.17469192282415347,1.386280146584572,second,0.1,0.0,0.0,random,boltzmann,1,4,True,False,-1,1,-1,-1,1,1,1,1,1,-1,159,0,420159,0,1.0,0.8822000000000001
1.0,76280,0.17840599999999998,0.07528,0.2733402626105419,0.6885480079015341,second,0.1,0.0,0.5,zeros,egreedy,0,2,False,False,-1,1,-1,1,-1,-1,-1,-1,-1,-1,160,0,420160,0,1.0,1.0
1.0,76852,0.179528,0.0757,0.2738132524477221,0.6918768198859588,second,0.1,0.0,0.5,zeros,egreedy,0,2,True,True,-1,1,-1,1,-1,-1,-1,-1,1,1,161,0,420161,0,1.0,1.0
1.0,24964,0.033446,0.0119,0.1309448933101249,1.3859937463938437,second,0.1,0.0,0.5,zeros,egreedy,0,4,False,True,-1,1,-1,1,-1,-1,-1,1,-1,1,162,0,420162,0,1.0,1.0
1.0,72508,0.16926399999999997,0.0757,0.27410380935696604,0.6891642995105638,second,0.1,0.0,0.5,zeros,egreedy,1,2,False,True,-1,1,-1,1,-1,-1,1,-1,-1,1,164,0,420164,0,1.0,1.0
1.0,26078,0.032867999999999994,0.01144,0.12906934018580862,1.3859757664898862,second,0.1,0.0,0.5,zeros,egreedy,0,4,True,False,-1,1,-1,1,-1,-1,-1,1,1,-1,163,0,420163,0,1.0,1.0
1.0,73976,0.16862599999999994,0.07505,0.2731067046485677,0.6921696974552538,second,0.1,0.0,0.5,zeros,egreedy,1,2,True,False,-1,1,-1,1,-1,-1,1,-1,1,-1,165,0,420165,0,1.0,1.0
1.0,27706,0.033446,0.01098,0.1278349134000567,1.3854970569066543,second,0.1,0.0,0.5,zeros,egreedy,1,4,False,False,-1,1,-1,1,-1,-1,1,1,-1,-1,166,0,420166,0,1.0,1.0
1.0,28140,0.03421,0.01126,0.12944062692987854,1.3858982367976393,second,0.1,0.0,0.5,zeros,egreedy,1,4,True,True,-1,1,-1,1,-1,-1,1,1,1,1,167,0,420167,0,1.0,1.0
0.6552,74758,0.34562400000000004,0.20778,0.3640418253772497,0.6931461812149103,second,0.01,0.95,0.5,random,boltzmann,0,2,False,False,-1,-1,1,1,1,1,-1,-1,-1,-1,120,0,420120,0,1.0,0.6552
0.71,98354,0.26693399999999995,0.0,0.26309435502115963,0.6931469493579275,second,0.1,0.0,0.0,random,boltzmann,1,2,False,False,-1,1,-1,-1,1,1,1,-1,-1,-1,156,0,420156,0,1.0,0.71
0.8452000000000001,1000,0.15343199999999996,0.05063,0.2389096510733712,1.3862903802648836,second,0.1,0.0,0.5,zeros,boltzmann,0,4,True,True,-1,1,-1,1,-1,1,-1,1,1,1,171,0,420171,0,1.0,0.8452000000000001
0.6672,94420,0.339548,0.20251,0.36219436176726993,0.6931420684429652,second,0.01,0.95,0.5,random,boltzmann,1,2,False,True,-1,-1,1,1,1,1,1,-1,-1,1,124,0,420124,0,1.0,0.6672
0.665,90343,0.345452,0.20779,0.36418637494557643,0.6931471798409243,second,0.1,0.0,0.5,zeros,boltzmann,0,2,True,False,-1,1,-1,1,-1,1,-1,-1,1,-1,169,0,420169,0,1.0,0.665
0.65,61158,0.3472,0.20961,0.3650361078030501,0.6931331292351568,second,0.1,0.0,0.5,zeros,boltzmann,0,2,False,True,-1,1,-1,1,-1,1,-1,-1,-1,1,168,0,420168,0,1.0,0.65
0.844,1000,0.152336,0.04969,0.2376689780009162,1.3862633647541338,second,0.1,0.0,0.5,zeros,boltzmann,1,4,False,True,-1,1,-1,1,-1,1,1,1,-1,1,174,0,420174,0,1.0,0.844
0.8556000000000001,1000,0.151556,0.04865,0.23621765146576154,1.3862823071838772,second,0.1,0.0,0.5,zeros,boltzmann,1,4,True,False,-1,1,-1,1,-1,1,1,1,1,-1,175,0,420175,0,1.0,0.8556000000000001
1.0,77819,0.17945199999999997,0.07636,0.27445688130560686,0.6900565556798091,second,0.1,0.0,0.5,random,egreedy,0,2,False,True,-1,1,-1,1,1,-1,-1,-1,-1,1,176,0,420176,0,1.0,1.0
1.0,75036,0.17855199999999996,0.07528,0.27346806631853743,0.6919721115394284,second,0.1,0.0,0.5,random,egreedy,0,2,True,False,-1,1,-1,1,1,-1,-1,-1,1,-1,177,0,420177,0,1.0,1.0
1.0,27354,0.032999999999999995,0.01152,0.12944419647091174,1.3860710716003761,second,0.1,0.0,0.5,random,egreedy,0,4,False,False,-1,1,-1,1,1,-1,-1,1,-1,-1,178,0,420178,0,1.0,1.0
1.0,72954,0.16985,0.07542,0.2748224472272962,0.6874985107490927,second,0.1,0.0,0.5,random,egreedy,1,2,False,False,-1,1,-1,1,1,-1,1,-1,-1,-1,180,0,420180,0,1.0,1.0
1.0,25780,0.033672,0.01178,0.1310747741405645,1.3861370237088197,second,0.1,0.0,0.5,random,egreedy,0,4,True,True,-1,1,-1,1,1,-1,-1,1,1,1,179,0,420179,0,1.0,1.0
1.0,73454,0.16901199999999997,0.07465,0.2729258944402308,0.6922140092643425,second,0.1,0.0,0.5,random,egreedy,1,2,True,True,-1,1,-1,1,1,-1,1,-1,1,1,181,0,420181,0,1.0,1.0
1.0,29190,0.034018,0.01131,0.1291943329871709,1.385282250697299,second,0.1,0.0,0.5,random,egreedy,1,4,False,True,-1,1,-1,1,1,-1,1,1,-1,1,182,0,420182,0,1.0,1.0
1.0,27258,0.03369,0.01092,0.12802415358048652,1.3854779391790402,second,0.1,0.0,0.5,random,egreedy,1,4,True,False,-1,1,-1,1,1,-1,1,1,1,-1,183,0,420183,0,1.0,1.0
0.6512,44164,0.34753,0.20922,0.364593059588358,0.6931309890975386,second,0.1,0.0,0.5,zeros,boltzmann,1,2,True,True,-1,1,-1,1,-1,1,1,-1,1,1,173,0,420173,0,1.0,0.6512
0.8516,1000,0.15292599999999998,0.05026,0.23841400656001732,1.3862850896008043,second,0.1,0.0,0.5,random,boltzmann,0,4,False,True,-1,1,-1,1,1,1,-1,1,-1,1,186,0,420186,0,1.0,0.8516
0.8344000000000001,1000,0.15348599999999998,0.05029,0.238497060367628,1.3862788522777723,second,0.1,0.0,0.5,random,boltzmann,0,4,True,False,-1,1,-1,1,1,1,-1,1,1,-1,187,0,420187,0,1.0,0.8344000000000001
0.6622,82459,0.346148,0.20797,0.3640471976214073,0.6931448498959263,second,0.1,0.0,0.5,random,boltzmann,0,2,False,False,-1,1,-1,1,1,1,-1,-1,-1,-1,184,0,420184,0,1.0,0.6622
0.6534,88212,0.34706,0.20967,0.36524807514893215,0.6931436167155021,second,0.1,0.0,0.5,zeros,boltzmann,1,2,False,False,-1,1,-1,1,-1,1,1,-1,-1,-1,172,0,420172,0,1.0,0.6534
0.8434,1000,0.151908,0.04947,0.23720868351727767,1.386272363047361,second,0.1,0.0,0.5,random,boltzmann,1,4,False,False,-1,1,-1,1,1,1,1,1,-1,-1,190,0,420190,0,1.0,0.8434
0.8558,1000,0.151964,0.04938,0.23700409849620743,1.3862703423887086,second,0.1,0.0,0.5,random,boltzmann,1,4,True,True,-1,1,-1,1,1,1,1,1,1,1,191,0,420191,0,1.0,0.8558
0.6456000000000001,95882,0.34410799999999997,0.20679,0.363979236133052,0.6931412578571365,second,0.1,0.0,0.5,random,boltzmann,1,2,True,False,-1,1,-1,1,1,1,1,-1,1,-1,189,0,420189,0,1.0,0.6456000000000001
0.9977999999999999,54523,0.09218799999999999,0.0,0.20870211464189814,0.692920318401947,second,0.1,0.95,0.0,zeros,egreedy,0,2,False,False,-1,1,1,-1,-1,-1,-1,-1,-1,-1,192,0,420192,0,1.0,0.9977999999999999
1.0,55110,0.09268,0.0,0.20839006118334913,0.6931446717558474,second,0.1,0.95,0.0,zeros,egreedy,0,2,True,True,-1,1,1,-1,-1,-1,-1,-1,1,1,193,0,420193,0,1.0,1.0
1.0,22763,0.02757999999999999,0.0,0.10039991832666,1.3845471399954028,second,0.1,0.95,0.0,zeros,egreedy,0,4,False,True,-1,1,1,-1,-1,-1,-1,1,-1,1,194,0,420194,0,1.0,1.0
1.0,23537,0.027785999999999995,0.0,0.10020547991003285,1.38456593717157,second,0.1,0.95,0.0,zeros,egreedy,0,4,True,False,-1,1,1,-1,-1,-1,-1,1,1,-1,195,0,420195,0,1.0,1.0
0.9,86520,0.174478,0.0,0.22915546582178659,0.6931456667571814,second,0.1,0.95,0.0,zeros,egreedy,1,2,False,True,-1,1,1,-1,-1,-1,1,-1,-1,1,196,0,420196,0,1.0,0.9
1.0,21909,0.029622,0.0,0.10232759704009468,1.3853445386064316,second,0.1,0.95,0.0,zeros,egreedy,1,4,False,False,-1,1,1,-1,-1,-1,1,1,-1,-1,198,0,420198,0,1.0,1.0
1.0,90833,0.15348799999999999,0.0,0.23103383703691543,0.6931409853451518,second,0.1,0.95,0.0,zeros,egreedy,1,2,True,False,-1,1,1,-1,-1,-1,1,-1,1,-1,197,0,420197,0,1.0,1.0
1.0,23462,0.03249,0.0,0.10668833066460454,1.3851126296862462,second,0.1,0.95,0.0,zeros,egreedy,1,4,True,True,-1,1,1,-1,-1,-1,1,1,1,1,199,0,420199,0,1.0,1.0
0.7336,1000,0.265798,0.0,0.26168496937348157,0.6931471755579452,second,0.1,0.95,0.0,zeros,boltzmann,0,2,False,True,-1,1,1,-1,-1,1,-1,-1,-1,1,200,0,420200,0,1.0,0.7336
0.728,1000,0.26491,0.0,0.2617676295877701,0.6931469213579229,second,0.1,0.95,0.0,zeros,boltzmann,0,2,True,False,-1,1,1,-1,-1,1,-1,-1,1,-1,201,0,420201,0,1.0,0.728
0.6478,80906,0.346236,0.20864,0.3645510009641998,0.6931467433527463,second,0.1,0.0,0.5,random,boltzmann,1,2,False,True,-1,1,-1,1,1,1,1,-1,-1,1,188,0,420188,0,1.0,0.6478
0.8750000000000001,1000,0.12362599999999999,0.0,0.1742280463186108,1.3862895241984885,second,0.1,0.95,0.0,zeros,boltzmann,0,4,False,False,-1,1,1,-1,-1,1,-1,1,-1,-1,202,0,420202,0,1.0,0.8750000000000001
0.8858,1000,0.12426799999999998,0.0,0.17493960150863494,1.386285960987451,second,0.1,0.95,0.0,zeros,boltzmann,0,4,True,True,-1,1,1,-1,-1,1,-1,1,1,1,203,0,420203,0,1.0,0.8858
0.8722000000000001,1000,0.12062999999999996,0.0,0.1728907258935539,1.3862691473585123,second,0.1,0.95,0.0,zeros,boltzmann,1,4,False,True,-1,1,1,-1,-1,1,1,1,-1,1,206,0,420206,0,1.0,0.8722000000000001
0.7564000000000001,15392,0.23581399999999994,0.0,0.24477450317383959,0.6913340644961337,second,0.1,0.95,0.0,zeros,boltzmann,1,2,True,True,-1,1,1,-1,-1,1,1,-1,1,1,205,0,420205,0,1.0,0.7564000000000001
0.8754000000000001,1000,0.12403,0.0,0.17519406125779488,1.3862654054512342,second,0.1,0.95,0.0,zeros,boltzmann,1,4,True,False,-1,1,1,-1,-1,1,1,1,1,-1,207,0,420207,0,1.0,0.8754000000000001
0.9996,56832,0.09149599999999998,0.0,0.2073212048585479,0.6931450997565021,second,0.1,0.95,0.0,random,egreedy,0,2,False,True,-1,1,1,-1,1,-1,-1,-1,-1,1,208,0,420208,0,1.0,0.9996
0.648,95890,0.34732599999999997,0.20971,0.36524327471426493,0.6931440102339854,second,0.1,0.0,0.5,random,boltzmann,0,2,True,True,-1,1,-1,1,1,1,-1,-1,1,1,185,0,420185,0,1.0,0.648
0.9966,55020,0.09125799999999999,0.0,0.20713178760393103,0.6931151802166032,second,0.1,0.95,0.0,random,egreedy,0,2,True,False,-1,1,1,-1,1,-1,-1,-1,1,-1,209,0,420209,0,1.0,0.9966
1.0,83518,0.13357,0.0,0.22486674965410072,0.6897534017723386,second,0.1,0.95,0.0,random,egreedy,1,2,False,False,-1,1,1,-1,1,-1,1,-1,-1,-1,212,0,420212,0,1.0,1.0
1.0,21632,0.02766399999999999,0.0,0.10016138529393451,1.3848199221525488,second,0.1,0.95,0.0,random,egreedy,0,4,False,False,-1,1,1,-1,1,-1,-1,1,-1,-1,210,0,420210,0,1.0,1.0
1.0,26113,0.03243399999999999,0.0,0.10571487900953204,1.3860389086482203,second,0.1,0.95,0.0,random,egreedy,1,4,False,True,-1,1,1,-1,1,-1,1,1,-1,1,214,0,420214,0,1.0,1.0
1.0,22895,0.027701999999999994,0.0,0.10043206258959336,1.384648090890562,second,0.1,0.95,0.0,random,egreedy,0,4,True,True,-1,1,1,-1,1,-1,-1,1,1,1,211,0,420211,0,1.0,1.0
1.0,25844,0.032487999999999996,0.0,0.10655200540581108,1.385245622428278,second,0.1,0.95,0.0,random,egreedy,1,4,True,False,-1,1,1,-1,1,-1,1,1,1,-1,215,0,420215,0,1.0,1.0
0.734,1000,0.265856,0.0,0.26232458379648677,0.6931471773579454,second,0.1,0.95,0.0,random,boltzmann,0,2,True,True,-1,1,1,-1,1,1,-1,-1,1,1,217,0,420217,0,1.0,0.734
0.8797999999999999,1000,0.12441199999999997,0.0,0.17507956550094583,1.3862814776003418,second,0.1,0.95,0.0,random,boltzmann,0,4,False,True,-1,1,1,-1,1,1,-1,1,-1,1,218,0,420218,0,1.0,0.8797999999999999
0.8702000000000001,1000,0.12465999999999998,0.0,0.17458489167164493,1.3862846589021598,second,0.1,0.95,0.0,random,boltzmann,0,4,True,False,-1,1,1,-1,1,1,-1,1,1,-1,219,0,420219,0,1.0,0.8702000000000001
0.7474000000000001,27234,0.23865599999999998,0.0,0.2516412399905866,0.6931041207398925,second,0.1,0.95,0.0,random,boltzmann,1,2,False,True,-1,1,1,-1,1,1,1,-1,-1,1,220,0,420220,0,1.0,0.7474000000000001
0.8666000000000001,82730,0.17411399999999994,0.0,0.22506868952388734,0.6930973795312259,second,0.1,0.95,0.0,random,egreedy,1,2,True,True,-1,1,1,-1,1,-1,1,-1,1,1,213,0,420213,0,1.0,0.8666000000000001
0.8742000000000001,1000,0.12340399999999997,0.0,0.17482406237128797,1.3862605590077064,second,0.1,0.95,0.0,random,boltzmann,1,4,False,False,-1,1,1,-1,1,1,1,1,-1,-1,222,0,420222,0,1.0,0.8742000000000001
0.8846000000000002,1000,0.11782599999999999,0.0,0.17069924933636935,1.386209915707198,second,0.1,0.95,0.0,random,boltzmann,1,4,True,True,-1,1,1,-1,1,1,1,1,1,1,223,0,420223,0,1.0,0.8846000000000002
0.9992000000000001,75077,0.178058,0.075,0.27320129691493045,0.69314532904475,second,0.1,0.95,0.5,zeros,egreedy,0,2,False,True,-1,1,1,1,-1,-1,-1,-1,-1,1,224,0,420224,0,1.0,0.9992000000000001
0.9984,76698,0.179068,0.07533,0.27349342108357927,0.6931439510774853,second,0.1,0.95,0.5,zeros,egreedy,0,2,True,False,-1,1,1,1,-1,-1,-1,-1,1,-1,225,0,420225,0,1.0,0.9984
0.7350000000000001,22096,0.252034,0.0,0.25288428745969965,0.6918369119899839,second,0.1,0.95,0.0,random,boltzmann,1,2,True,False,-1,1,1,-1,1,1,1,-1,1,-1,221,0,420221,0,1.0,0.7350000000000001
0.9994,26972,0.033038,0.01086,0.12780019779327417,1.3861415488370974,second,0.1,0.95,0.5,zeros,egreedy,0,4,False,False,-1,1,1,1,-1,-1,-1,1,-1,-1,226,0,420226,0,1.0,0.9994
1.0,81077,0.18120799999999998,0.08313,0.2845467637067763,0.6883356692848591,second,0.1,0.95,0.5,zeros,egreedy,1,2,False,False,-1,1,1,1,-1,-1,1,-1,-1,-1,228,0,420228,0,1.0,1.0
0.5999999999999998,89262,0.24852,0.08616,0.27932097951997803,0.693146105481296,second,0.1,0.95,0.5,zeros,egreedy,1,2,True,True,-1,1,1,1,-1,-1,1,-1,1,1,229,0,420229,0,1.0,0.5999999999999998
1.0,32270,0.04084599999999999,0.01287,0.13874294318631125,1.3838123555704085,second,0.1,0.95,0.5,zeros,egreedy,1,4,False,True,-1,1,1,1,-1,-1,1,1,-1,1,230,0,420230,0,1.0,1.0
0.9987999999999999,28660,0.032957999999999994,0.01127,0.1288432001931029,1.3862060379739458,second,0.1,0.95,0.5,zeros,egreedy,0,4,True,True,-1,1,1,1,-1,-1,-1,1,1,1,227,0,420227,0,1.0,0.9987999999999999
0.7528,91736,0.264082,0.0,0.26119015539640844,0.6931442037549915,second,0.1,0.95,0.0,zeros,boltzmann,1,2,False,False,-1,1,1,-1,-1,1,1,-1,-1,-1,204,0,420204,0,1.0,0.7528
0.6442,98308,0.34657799999999994,0.20898,0.364929705444761,0.6931470881832704,second,0.1,0.95,0.5,zeros,boltzmann,0,2,False,False,-1,1,1,1,-1,1,-1,-1,-1,-1,232,0,420232,0,1.0,0.6442
0.8572000000000001,1000,0.151636,0.04891,0.23645575379761855,1.3862918439549137,second,0.1,0.95,0.5,zeros,boltzmann,0,4,False,True,-1,1,1,1,-1,1,-1,1,-1,1,234,0,420234,0,1.0,0.8572000000000001
0.8598000000000001,72446,0.15187199999999998,0.04897,0.23667804210783897,1.3862893733958632,second,0.1,0.0,0.5,zeros,boltzmann,0,4,False,False,-1,1,-1,1,-1,1,-1,1,-1,-1,170,0,420170,0,1.0,0.8598000000000001
0.8460000000000001,1000,0.151884,0.04889,0.23645221619600015,1.386288859517122,second,0.1,0.95,0.5,zeros,boltzmann,0,4,True,False,-1,1,1,1,-1,1,-1,1,1,-1,235,0,420235,0,1.0,0.8460000000000001
0.6352000000000001,95644,0.344794,0.20573,0.3628166169899058,0.6931430242735943,second,0.1,0.95,0.5,zeros,boltzmann,1,2,False,True,-1,1,1,1,-1,1,1,-1,-1,1,236,0,420236,0,1.0,0.6352000000000001
0.8503999999999999,1000,0.15187199999999998,0.04924,0.23686725315247775,1.3862667441098968,second,0.1,0.95,0.5,zeros,boltzmann,1,4,False,False,-1,1,1,1,-1,1,1,1,-1,-1,238,0,420238,0,1.0,0.8503999999999999
0.8464,1000,0.14838599999999996,0.04744,0.23412901358866225,1.3862769877508636,second,0.1,0.95,0.5,zeros,boltzmann,1,4,True,True,-1,1,1,1,-1,1,1,1,1,1,239,0,420239,0,1.0,0.8464
0.9967999999999999,74167,0.177586,0.07428,0.27206398623118055,0.6931318854394075,second,0.1,0.95,0.5,random,egreedy,0,2,False,False,-1,1,1,1,1,-1,-1,-1,-1,-1,240,0,420240,0,1.0,0.9967999999999999
0.9994000000000001,75187,0.17924199999999998,0.07622,0.2746516073792396,0.6930202205638758,second,0.1,0.95,0.5,random,egreedy,0,2,True,True,-1,1,1,1,1,-1,-1,-1,1,1,241,0,420241,0,1.0,0.9994000000000001
0.9992000000000001,25507,0.033789999999999994,0.01165,0.1306087129559127,1.386189378774887,second,0.1,0.95,0.5,random,egreedy,0,4,False,True,-1,1,1,1,1,-1,-1,1,-1,1,242,0,420242,0,1.0,0.9992000000000001
0.9987999999999999,27834,0.032914,0.01136,0.12896305131315713,1.386293520922028,second,0.1,0.95,0.5,random,egreedy,0,4,True,False,-1,1,1,1,1,-1,-1,1,1,-1,243,0,420243,0,1.0,0.9987999999999999
0.9,85366,0.20953400000000003,0.07962,0.2741195046763364,0.6931290647457098,second,0.1,0.95,0.5,random,egreedy,1,2,False,True,-1,1,1,1,1,-1,1,-1,-1,1,244,0,420244,0,1.0,0.9
0.7999999999999999,87597,0.23324599999999998,0.0816,0.27676253988572946,0.6931288549458141,second,0.1,0.95,0.5,random,egreedy,1,2,True,False,-1,1,1,1,1,-1,1,-1,1,-1,245,0,420245,0,1.0,0.7999999999999999
1.0,28502,0.037025999999999996,0.01225,0.13429771153671977,1.3813558952571292,second,0.1,0.95,0.5,random,egreedy,1,4,False,False,-1,1,1,1,1,-1,1,1,-1,-1,246,0,420246,0,1.0,1.0
0.6588,53968,0.34690999999999994,0.20876,0.36450109999834024,0.6931413584278309,second,0.1,0.95,0.5,zeros,boltzmann,1,2,True,False,-1,1,1,1,-1,1,1,-1,1,-1,237,0,420237,0,1.0,0.6588
1.0,96130,0.05534999999999999,0.01898,0.16239943811479152,1.383802448618514,second,0.1,0.95,0.5,random,egreedy,1,4,True,True,-1,1,1,1,1,-1,1,1,1,1,247,0,420247,0,1.0,1.0
0.6574000000000001,74898,0.34914600000000007,0.21172,0.3660555568271024,0.6931380963125304,second,0.1,0.95,0.5,zeros,boltzmann,0,2,True,True,-1,1,1,1,-1,1,-1,-1,1,1,233,0,420233,0,1.0,0.6574000000000001
0.8534,1000,0.151496,0.04914,0.23683108323022128,1.3862884135545464,second,0.1,0.95,0.5,random,boltzmann,0,4,False,False,-1,1,1,1,1,1,-1,1,-1,-1,250,0,420250,0,1.0,0.8534
0.8543999999999999,1000,0.15186599999999997,0.04881,0.23654749638074798,1.386241680260956,second,0.1,0.95,0.5,random,boltzmann,0,4,True,True,-1,1,1,1,1,1,-1,1,1,1,251,0,420251,0,1.0,0.8543999999999999
1.0,90946,0.041527999999999995,0.01428,0.14287695831028877,1.384572952691303,second,0.1,0.95,0.5,zeros,egreedy,1,4,True,False,-1,1,1,1,-1,-1,1,1,1,-1,231,0,420231,0,1.0,1.0
0.661,86111,0.346132,0.20777,0.3639195495930385,0.6931306878253758,second,0.1,0.95,0.5,random,boltzmann,0,2,False,True,-1,1,1,1,1,1,-1,-1,-1,1,248,0,420248,0,1.0,0.661
0.853,1000,0.15073399999999998,0.04837,0.23558026497141055,1.3862678357272102,second,0.1,0.95,0.5,random,boltzmann,1,4,False,True,-1,1,1,1,1,1,1,1,-1,1,254,0,420254,0,1.0,0.853
0.852,1000,0.15166399999999997,0.04895,0.2365105306408152,1.3862940965149753,second,0.1,0.95,0.5,random,boltzmann,1,4,True,False,-1,1,1,1,1,1,1,1,1,-1,255,0,420255,0,1.0,0.852
0.8000000000000002,67104,0.2812299999999999,0.0,0.18692160683024311,0.6931471787579453,first,0.01,0.0,0.0,zeros,egreedy,0,2,False,True,1,-1,-1,-1,-1,-1,-1,-1,-1,1,256,0,420256,1,0.5,1.6000000000000003
0.8000000000000002,64748,0.27768799999999993,0.0,0.18628090255310661,0.693145180556612,first,0.01,0.0,0.0,zeros,egreedy,0,2,True,False,1,-1,-1,-1,-1,-1,-1,-1,1,-1,257,0,420257,1,0.5,1.6000000000000003
0.8000000000000002,60324,0.15888799999999995,0.0,0.10826358324016436,1.3862612365608593,first,0.01,0.0,0.0,zeros,egreedy,0,4,False,False,1,-1,-1,-1,-1,-1,-1,1,-1,-1,258,0,420258,1,0.75,1.0666666666666669
0.8000000000000002,61028,0.15861199999999998,0.0,0.10849439366160814,1.3862928835785422,first,0.01,0.0,0.0,zeros,egreedy,0,4,True,True,1,-1,-1,-1,-1,-1,-1,1,1,1,259,0,420259,1,0.75,1.0666666666666669
0.8000000000000002,55708,0.26356999999999997,0.0,0.18405883597371792,0.6931140503920744,first,0.01,0.0,0.0,zeros,egreedy,1,2,False,False,1,-1,-1,-1,-1,-1,1,-1,-1,-1,260,0,420260,1,0.5,1.6000000000000003
0.8000000000000002,71894,0.28323599999999993,0.0,0.1898814585577012,0.6931448043560633,first,0.01,0.0,0.0,zeros,egreedy,1,2,True,True,1,-1,-1,-1,-1,-1,1,-1,1,1,261,0,420261,1,0.5,1.6000000000000003
0.8000000000000002,62657,0.15957999999999997,0.0,0.10921457595028237,1.3862916119254511,first,0.01,0.0,0.0,zeros,egreedy,1,4,False,True,1,-1,-1,-1,-1,-1,1,1,-1,1,262,0,420262,1,0.75,1.0666666666666669
0.8000000000000002,61527,0.15970399999999998,0.0,0.10934089986825606,1.3862939443741498,first,0.01,0.0,0.0,zeros,egreedy,1,4,True,False,1,-1,-1,-1,-1,-1,1,1,1,-1,263,0,420263,1,0.75,1.0666666666666669
0.6584,83450,0.34529599999999994,0.20745,0.3641146418149097,0.6931400641625405,second,0.1,0.95,0.5,random,boltzmann,0,2,True,False,-1,1,1,1,1,1,-1,-1,1,-1,249,0,420249,0,1.0,0.6584
0.6467999999999999,97113,0.34624,0.20758,0.3636023410265671,0.6931443662264312,second,0.1,0.95,0.5,random,boltzmann,1,2,True,True,-1,1,1,1,1,1,1,-1,1,1,253,0,420253,0,1.0,0.6467999999999999
0.8488000000000001,1000,0.15238999999999997,0.0,0.18681565218150215,1.3862853272865743,first,0.01,0.0,0.0,zeros,boltzmann,0,4,False,True,1,-1,-1,-1,-1,1,-1,1,-1,1,266,0,420266,1,0.75,1.1317333333333335
0.8514,1000,0.15219199999999997,0.0,0.1877721894637222,1.386286166862373,first,0.01,0.0,0.0,zeros,boltzmann,0,4,True,False,1,-1,-1,-1,-1,1,-1,1,1,-1,267,0,420267,1,0.75,1.1352
0.6842,1000,0.31930400000000003,0.0,0.2727609861838749,0.6931381917310123,first,0.01,0.0,0.0,zeros,boltzmann,1,2,False,True,1,-1,-1,-1,-1,1,1,-1,-1,1,268,0,420268,1,0.5,1.3684
0.6494000000000001,98788,0.32161999999999996,0.0,0.27258718898730366,0.6931465533578143,first,0.01,0.0,0.0,zeros,boltzmann,1,2,True,False,1,-1,-1,-1,-1,1,1,-1,1,-1,269,0,420269,1,0.5,1.2988000000000002
0.8452000000000001,1000,0.15181599999999998,0.0,0.18631345132330085,1.386286286452004,first,0.01,0.0,0.0,zeros,boltzmann,1,4,False,False,1,-1,-1,-1,-1,1,1,1,-1,-1,270,0,420270,1,0.75,1.1269333333333333
0.8442000000000001,1000,0.15134599999999998,0.0,0.18736805566584716,1.386271899044726,first,0.01,0.0,0.0,zeros,boltzmann,1,4,True,True,1,-1,-1,-1,-1,1,1,1,1,1,271,0,420271,1,0.75,1.1256000000000002
0.8000000000000002,63638,0.27371399999999996,0.0,0.18604366746546358,0.6931467933578954,first,0.01,0.0,0.0,random,egreedy,0,2,False,False,1,-1,-1,-1,1,-1,-1,-1,-1,-1,272,0,420272,1,0.5,1.6000000000000003
0.8000000000000002,68452,0.27796599999999994,0.0,0.18662503273676873,0.6931450587564447,first,0.01,0.0,0.0,random,egreedy,0,2,True,True,1,-1,-1,-1,1,-1,-1,-1,1,1,273,0,420273,1,0.5,1.6000000000000003
0.8000000000000002,62371,0.15969399999999995,0.0,0.1088366958520884,1.3862855726217274,first,0.01,0.0,0.0,random,egreedy,0,4,False,True,1,-1,-1,-1,1,-1,-1,1,-1,1,274,0,420274,1,0.75,1.0666666666666669
0.8000000000000002,59685,0.15886599999999995,0.0,0.10829401665835467,1.3862906783533506,first,0.01,0.0,0.0,random,egreedy,0,4,True,False,1,-1,-1,-1,1,-1,-1,1,1,-1,275,0,420275,1,0.75,1.0666666666666669
0.8000000000000002,58628,0.268436,0.0,0.18667542394219971,0.6931469355579254,first,0.01,0.0,0.0,random,egreedy,1,2,False,True,1,-1,-1,-1,1,-1,1,-1,-1,1,276,0,420276,1,0.5,1.6000000000000003
0.8000000000000002,64011,0.27158599999999994,0.0,0.18617584323429287,0.6931456667571814,first,0.01,0.0,0.0,random,egreedy,1,2,True,False,1,-1,-1,-1,1,-1,1,-1,1,-1,277,0,420277,1,0.5,1.6000000000000003
0.8000000000000002,61688,0.15915999999999997,0.0,0.1075625139163268,1.386284006450718,first,0.01,0.0,0.0,random,egreedy,1,4,False,False,1,-1,-1,-1,1,-1,1,1,-1,-1,278,0,420278,1,0.75,1.0666666666666669
0.8000000000000002,64030,0.16022999999999998,0.0,0.1123082681729177,1.3862925034277556,first,0.01,0.0,0.0,random,egreedy,1,4,True,True,1,-1,-1,-1,1,-1,1,1,1,1,279,0,420279,1,0.75,1.0666666666666669
0.6806,1000,0.32103799999999993,0.0,0.27278233549113845,0.6931462827576768,first,0.01,0.0,0.0,random,boltzmann,0,2,False,True,1,-1,-1,-1,1,1,-1,-1,-1,1,280,0,420280,1,0.5,1.3612
0.6694000000000001,76995,0.31970799999999994,0.0,0.27201101951207785,0.6931471797579454,first,0.01,0.0,0.0,zeros,boltzmann,0,2,True,True,1,-1,-1,-1,-1,1,-1,-1,1,1,265,0,420265,1,0.5,1.3388000000000002
0.8464,1000,0.15238599999999997,0.0,0.1862119947908834,1.3862911671259308,first,0.01,0.0,0.0,random,boltzmann,0,4,False,False,1,-1,-1,-1,1,1,-1,1,-1,-1,282,0,420282,1,0.75,1.1285333333333334
0.6922,56987,0.32110399999999995,0.0,0.2730908661672887,0.6931320554816892,first,0.01,0.0,0.0,random,boltzmann,0,2,True,False,1,-1,-1,-1,1,1,-1,-1,1,-1,281,0,420281,1,0.5,1.3844
0.8504,1000,0.15254599999999996,0.0,0.18700298897076484,1.3862830837001912,first,0.01,0.0,0.0,random,boltzmann,0,4,True,True,1,-1,-1,-1,1,1,-1,1,1,1,283,0,420283,1,0.75,1.1338666666666668
0.6858000000000001,1000,0.315088,0.0,0.2716106630012894,0.693136415719318,first,0.01,0.0,0.0,random,boltzmann,1,2,True,True,1,-1,-1,-1,1,1,1,-1,1,1,285,0,420285,1,0.5,1.3716000000000002
0.8522000000000001,1000,0.15285799999999997,0.0,0.18777122206557637,1.386264396561904,first,0.01,0.0,0.0,random,boltzmann,1,4,False,True,1,-1,-1,-1,1,1,1,1,-1,1,286,0,420286,1,0.75,1.1362666666666668
0.8448,1000,0.15206199999999997,0.0,0.18668033682206595,1.3862758832742217,first,0.01,0.0,0.0,random,boltzmann,1,4,True,False,1,-1,-1,-1,1,1,1,1,1,-1,287,0,420287,1,0.75,1.1264
0.8000000000000002,62454,0.29411799999999994,0.076,0.2404092387492627,0.6931469835507549,first,0.01,0.0,0.5,zeros,egreedy,0,2,False,False,1,-1,-1,1,-1,-1,-1,-1,-1,-1,288,0,420288,1,0.5,1.6000000000000003
0.8000000000000002,65881,0.29585399999999995,0.07415,0.2385665749513121,0.6931457059274712,first,0.01,0.0,0.5,zeros,egreedy,0,2,True,True,1,-1,-1,1,-1,-1,-1,-1,1,1,289,0,420289,1,0.5,1.6000000000000003
0.6566000000000001,74386,0.34587399999999996,0.2082,0.36442883547271615,0.693129861935279,second,0.1,0.95,0.5,random,boltzmann,1,2,False,False,-1,1,1,1,1,1,1,-1,-1,-1,252,0,420252,0,1.0,0.6566000000000001
0.8000000000000002,62533,0.16309599999999996,0.01154,0.131165905570007,1.3862863072288492,first,0.01,0.0,0.5,zeros,egreedy,0,4,False,True,1,-1,-1,1,-1,-1,-1,1,-1,1,290,0,420290,1,0.75,1.0666666666666669
0.8000000000000002,56101,0.28557399999999994,0.07586,0.23981803627750767,0.6931402524865337,first,0.01,0.0,0.5,zeros,egreedy,1,2,False,True,1,-1,-1,1,-1,-1,1,-1,-1,1,292,0,420292,1,0.5,1.6000000000000003
0.8000000000000002,64761,0.2910559999999999,0.07431,0.23851877256098733,0.6931459537543445,first,0.01,0.0,0.5,zeros,egreedy,1,2,True,False,1,-1,-1,1,-1,-1,1,-1,1,-1,293,0,420293,1,0.5,1.6000000000000003
0.8000000000000002,62501,0.16340999999999997,0.01082,0.12916954710766773,1.3862925889214275,first,0.01,0.0,0.5,zeros,egreedy,1,4,False,False,1,-1,-1,1,-1,-1,1,1,-1,-1,294,0,420294,1,0.75,1.0666666666666669
0.8000000000000002,62861,0.16322999999999996,0.01136,0.13056326857121797,1.3862791238253909,first,0.01,0.0,0.5,zeros,egreedy,0,4,True,False,1,-1,-1,1,-1,-1,-1,1,1,-1,291,0,420291,1,0.75,1.0666666666666669
0.8000000000000002,61865,0.16280599999999998,0.01075,0.12969273828553393,1.3862786683743837,first,0.01,0.0,0.5,zeros,egreedy,1,4,True,True,1,-1,-1,1,-1,-1,1,1,1,1,295,0,420295,1,0.75,1.0666666666666669
0.6487999999999999,98023,0.362298,0.21919,0.36640272815032365,0.6931470800928099,first,0.01,0.0,0.5,zeros,boltzmann,0,2,True,False,1,-1,-1,1,-1,1,-1,-1,1,-1,297,0,420297,1,0.5,1.2975999999999999
0.7294,86790,0.265812,0.0,0.26296459962512064,0.6931430907523698,second,0.1,0.95,0.0,random,boltzmann,0,2,False,False,-1,1,1,-1,1,1,-1,-1,-1,-1,216,0,420216,0,1.0,0.7294
0.8344000000000001,1000,0.170336,0.05582,0.2460326139031165,1.3862822992425934,first,0.01,0.0,0.5,zeros,boltzmann,0,4,False,False,1,-1,-1,1,-1,1,-1,1,-1,-1,298,0,420298,1,0.75,1.1125333333333336
0.8226000000000001,1000,0.17081199999999996,0.05617,0.24644849493555443,1.3862679186307005,first,0.01,0.0,0.5,zeros,boltzmann,0,4,True,True,1,-1,-1,1,-1,1,-1,1,1,1,299,0,420299,1,0.75,1.0968000000000002
0.6098,98022,0.36094800000000005,0.21869,0.36661443137988986,0.6931390532723234,first,0.01,0.0,0.5,zeros,boltzmann,1,2,False,False,1,-1,-1,1,-1,1,1,-1,-1,-1,300,0,420300,1,0.5,1.2196
0.8290000000000001,1000,0.16827799999999996,0.05481,0.24467225980073837,1.3862792940098938,first,0.01,0.0,0.5,zeros,boltzmann,1,4,False,True,1,-1,-1,1,-1,1,1,1,-1,1,302,0,420302,1,0.75,1.1053333333333335
0.8314000000000001,1000,0.17162199999999997,0.05782,0.24871326686769243,1.386282348143495,first,0.01,0.0,0.5,zeros,boltzmann,1,4,True,False,1,-1,-1,1,-1,1,1,1,1,-1,303,0,420303,1,0.75,1.1085333333333336
0.8000000000000002,64407,0.2957159999999999,0.07371,0.23816810731917906,0.6931400826896799,first,0.01,0.0,0.5,random,egreedy,0,2,False,True,1,-1,-1,1,1,-1,-1,-1,-1,1,304,0,420304,1,0.5,1.6000000000000003
0.8000000000000002,64728,0.29618999999999995,0.07293,0.2374006821809912,0.6931468356315342,first,0.01,0.0,0.5,random,egreedy,0,2,True,False,1,-1,-1,1,1,-1,-1,-1,1,-1,305,0,420305,1,0.5,1.6000000000000003
0.8000000000000002,63014,0.16332399999999997,0.01116,0.1299802716722811,1.3862805471228206,first,0.01,0.0,0.5,random,egreedy,0,4,False,False,1,-1,-1,1,1,-1,-1,1,-1,-1,306,0,420306,1,0.75,1.0666666666666669
0.8000000000000002,58801,0.16322199999999995,0.01162,0.13147082838409438,1.3862785249295337,first,0.01,0.0,0.5,random,egreedy,0,4,True,True,1,-1,-1,1,1,-1,-1,1,1,1,307,0,420307,1,0.75,1.0666666666666669
0.8000000000000002,57052,0.28543399999999997,0.07497,0.238938970542689,0.6931471804995124,first,0.01,0.0,0.5,random,egreedy,1,2,False,False,1,-1,-1,1,1,-1,1,-1,-1,-1,308,0,420308,1,0.5,1.6000000000000003
0.8000000000000002,66648,0.29162799999999994,0.0739,0.23870548719290052,0.6931467493852995,first,0.01,0.0,0.5,random,egreedy,1,2,True,True,1,-1,-1,1,1,-1,1,-1,1,1,309,0,420309,1,0.5,1.6000000000000003
0.8000000000000002,61930,0.16331199999999996,0.01149,0.13125391672632097,1.3862628506812666,first,0.01,0.0,0.5,random,egreedy,1,4,False,True,1,-1,-1,1,1,-1,1,1,-1,1,310,0,420310,1,0.75,1.0666666666666669
0.8000000000000002,61821,0.16377799999999995,0.01143,0.13148219163065392,1.386289197083363,first,0.01,0.0,0.5,random,egreedy,1,4,True,False,1,-1,-1,1,1,-1,1,1,1,-1,311,0,420311,1,0.75,1.0666666666666669
0.635,88060,0.36373199999999994,0.22157,0.3677975423735183,0.6931251251470284,first,0.01,0.0,0.5,zeros,boltzmann,0,2,False,True,1,-1,-1,1,-1,1,-1,-1,-1,1,296,0,420296,1,0.5,1.27
0.6356,91155,0.36215,0.21996,0.3671410866410895,0.6931271269251619,first,0.01,0.0,0.5,zeros,boltzmann,1,2,True,True,1,-1,-1,1,-1,1,1,-1,1,1,301,0,420301,1,0.5,1.2712
0.827,1000,0.16876999999999998,0.05441,0.2442627419399037,1.3862593340880505,first,0.01,0.0,0.5,random,boltzmann,0,4,False,True,1,-1,-1,1,1,1,-1,1,-1,1,314,0,420314,1,0.75,1.1026666666666667
0.6674000000000001,97374,0.31982999999999995,0.0,0.27282150043572445,0.6931467197578746,first,0.01,0.0,0.0,random,boltzmann,1,2,False,False,1,-1,-1,-1,1,1,1,-1,-1,-1,284,0,420284,1,0.5,1.3348000000000002
0.8246,1000,0.16968599999999998,0.05494,0.24480494562814695,1.386292063622872,first,0.01,0.0,0.5,random,boltzmann,0,4,True,False,1,-1,-1,1,1,1,-1,1,1,-1,315,0,420315,1,0.75,1.0994666666666666
0.641,1000,0.36121600000000004,0.21943,0.36712259715795215,0.6931421739806679,first,0.01,0.0,0.5,random,boltzmann,1,2,True,False,1,-1,-1,1,1,1,1,-1,1,-1,317,0,420317,1,0.5,1.282
0.8245999999999999,1000,0.17074599999999998,0.05658,0.2472306685749161,1.3862911126825153,first,0.01,0.0,0.5,random,boltzmann,1,4,False,False,1,-1,-1,1,1,1,1,1,-1,-1,318,0,420318,1,0.75,1.0994666666666666
0.8364000000000001,2322,0.17167199999999996,0.05721,0.24796758743029298,1.3862794519876784,first,0.01,0.0,0.5,random,boltzmann,1,4,True,True,1,-1,-1,1,1,1,1,1,1,1,319,0,420319,1,0.75,1.1152000000000002
0.8000000000000002,61893,0.27181599999999995,0.0,0.18516387915573598,0.6931464605577726,first,0.01,0.95,0.0,zeros,egreedy,0,2,False,False,1,-1,1,-1,-1,-1,-1,-1,-1,-1,320,0,420320,1,0.5,1.6000000000000003
0.8000000000000002,67260,0.27698799999999996,0.0,0.18586029122972983,0.6931349787083169,first,0.01,0.95,0.0,zeros,egreedy,0,2,True,True,1,-1,1,-1,-1,-1,-1,-1,1,1,321,0,420321,1,0.5,1.6000000000000003
0.8000000000000002,61648,0.15859999999999996,0.0,0.10863719436730679,1.3862907367609472,first,0.01,0.95,0.0,zeros,egreedy,0,4,False,True,1,-1,1,-1,-1,-1,-1,1,-1,1,322,0,420322,1,0.75,1.0666666666666669
0.8000000000000002,63099,0.15909799999999996,0.0,0.10787134186613233,1.3862911401349907,first,0.01,0.95,0.0,zeros,egreedy,0,4,True,False,1,-1,1,-1,-1,-1,-1,1,1,-1,323,0,420323,1,0.75,1.0666666666666669
0.5,83457,0.36779799999999996,0.0,0.20636916241531825,0.6930846830559552,first,0.01,0.95,0.0,zeros,egreedy,1,2,False,True,1,-1,1,-1,-1,-1,1,-1,-1,1,324,0,420324,1,0.5,1.0
0.3996,88968,0.404126,0.0,0.26733233273212575,0.6926293149568439,first,0.01,0.95,0.0,zeros,egreedy,1,2,True,False,1,-1,1,-1,-1,-1,1,-1,1,-1,325,0,420325,1,0.5,0.7992
0.8000000000000002,64176,0.15876799999999996,0.0,0.10895467945893833,1.3862877039234207,first,0.01,0.95,0.0,zeros,egreedy,1,4,False,False,1,-1,1,-1,-1,-1,1,1,-1,-1,326,0,420326,1,0.75,1.0666666666666669
0.8000000000000002,86887,0.15891999999999995,0.0,0.1115295189624702,1.386092903322606,first,0.01,0.95,0.0,zeros,egreedy,1,4,True,True,1,-1,1,-1,-1,-1,1,1,1,1,327,0,420327,1,0.75,1.0666666666666669
0.688,80908,0.319246,0.0,0.271456794875354,0.6931358517151645,first,0.01,0.0,0.0,zeros,boltzmann,0,2,False,False,1,-1,-1,-1,-1,1,-1,-1,-1,-1,264,0,420264,1,0.5,1.376
0.643,92381,0.362024,0.21794,0.3654359361420275,0.6931465759319058,first,0.01,0.0,0.5,random,boltzmann,0,2,False,False,1,-1,-1,1,1,1,-1,-1,-1,-1,312,0,420312,1,0.5,1.286
0.8418,1000,0.15245399999999998,0.0,0.18702881565149257,1.386290492766904,first,0.01,0.95,0.0,zeros,boltzmann,0,4,False,False,1,-1,1,-1,-1,1,-1,1,-1,-1,330,0,420330,1,0.75,1.1224
0.8418000000000002,1000,0.15195199999999998,0.0,0.18679237055083375,1.3862553741847976,first,0.01,0.95,0.0,zeros,boltzmann,0,4,True,True,1,-1,1,-1,-1,1,-1,1,1,1,331,0,420331,1,0.75,1.1224000000000003
0.6414000000000001,69611,0.362018,0.22027,0.36738667324223945,0.6931471765282,first,0.01,0.0,0.5,random,boltzmann,1,2,False,True,1,-1,-1,1,1,1,1,-1,-1,1,316,0,420316,1,0.5,1.2828000000000002
0.6396,95571,0.36260600000000004,0.22004,0.36691973068233874,0.6931423671045429,first,0.01,0.0,0.5,random,boltzmann,0,2,True,True,1,-1,-1,1,1,1,-1,-1,1,1,313,0,420313,1,0.5,1.2792
0.842,1000,0.14819999999999997,0.0,0.1844948779776826,1.3862832569208707,first,0.01,0.95,0.0,zeros,boltzmann,1,4,False,True,1,-1,1,-1,-1,1,1,1,-1,1,334,0,420334,1,0.75,1.1226666666666667
0.8492000000000001,1000,0.15470399999999998,0.0,0.1867861675392479,1.3862575435487585,first,0.01,0.95,0.0,zeros,boltzmann,1,4,True,False,1,-1,1,-1,-1,1,1,1,1,-1,335,0,420335,1,0.75,1.1322666666666668
0.8000000000000002,66567,0.27431399999999995,0.0,0.18426999051391954,0.6931465973578319,first,0.01,0.95,0.0,random,egreedy,0,2,False,True,1,-1,1,-1,1,-1,-1,-1,-1,1,336,0,420336,1,0.5,1.6000000000000003
0.6566000000000002,94428,0.32184599999999997,0.0,0.2662291349270398,0.6931355643129662,first,0.01,0.95,0.0,zeros,boltzmann,1,2,True,True,1,-1,1,-1,-1,1,1,-1,1,1,333,0,420333,1,0.5,1.3132000000000004
0.8000000000000002,64028,0.27615399999999996,0.0,0.18588213546223317,0.6931416693478208,first,0.01,0.95,0.0,random,egreedy,0,2,True,False,1,-1,1,-1,1,-1,-1,-1,1,-1,337,0,420337,1,0.5,1.6000000000000003
0.8000000000000002,59653,0.15918599999999994,0.0,0.10793802575552322,1.386274913019741,first,0.01,0.95,0.0,random,egreedy,0,4,False,False,1,-1,1,-1,1,-1,-1,1,-1,-1,338,0,420338,1,0.75,1.0666666666666669
0.4000000000000001,85129,0.4018899999999999,0.0,0.22849076108236852,0.693137588327275,first,0.01,0.95,0.0,random,egreedy,1,2,False,False,1,-1,1,-1,1,-1,1,-1,-1,-1,340,0,420340,1,0.5,0.8000000000000002
0.5999999999999998,81796,0.33841799999999994,0.0,0.1964465761371269,0.6931458683573714,first,0.01,0.95,0.0,random,egreedy,1,2,True,True,1,-1,1,-1,1,-1,1,-1,1,1,341,0,420341,1,0.5,1.1999999999999995
0.8000000000000002,61118,0.15964199999999998,0.0,0.10950265675315826,1.386284194223812,first,0.01,0.95,0.0,random,egreedy,0,4,True,True,1,-1,1,-1,1,-1,-1,1,1,1,339,0,420339,1,0.75,1.0666666666666669
0.8052,58777,0.158124,0.0,0.11186420617874153,1.3862658719209098,first,0.01,0.95,0.0,random,egreedy,1,4,True,False,1,-1,1,-1,1,-1,1,1,1,-1,343,0,420343,1,0.75,1.0736
0.8000000000000002,85314,0.15620799999999996,0.0,0.11087227216937513,1.3862746221543971,first,0.01,0.95,0.0,random,egreedy,1,4,False,True,1,-1,1,-1,1,-1,1,1,-1,1,342,0,420342,1,0.75,1.0666666666666669
0.6728000000000001,40036,0.319698,0.0,0.2718926052617099,0.6931398843402004,first,0.01,0.95,0.0,zeros,boltzmann,1,2,False,False,1,-1,1,-1,-1,1,1,-1,-1,-1,332,0,420332,1,0.5,1.3456000000000001
0.8492000000000001,1000,0.15208399999999997,0.0,0.18729670831063744,1.3862791047492635,first,0.01,0.95,0.0,random,boltzmann,0,4,False,True,1,-1,1,-1,1,1,-1,1,-1,1,346,0,420346,1,0.75,1.1322666666666668
0.8474,1000,0.15220199999999998,0.0,0.1862357409199426,1.3862905450828928,first,0.01,0.95,0.0,random,boltzmann,0,4,True,False,1,-1,1,-1,1,1,-1,1,1,-1,347,0,420347,1,0.75,1.1298666666666668
0.683,31247,0.30758399999999997,0.0,0.2661700263816345,0.6931450587564447,first,0.01,0.95,0.0,random,boltzmann,1,2,False,True,1,-1,1,-1,1,1,1,-1,-1,1,348,0,420348,1,0.5,1.366
0.6822,62513,0.32980799999999993,0.0,0.2656499259100217,0.6931450587564447,first,0.01,0.95,0.0,random,boltzmann,1,2,True,False,1,-1,1,-1,1,1,1,-1,1,-1,349,0,420349,1,0.5,1.3644
0.838,1000,0.15121799999999996,0.0,0.18639720082662184,1.38629085537301,first,0.01,0.95,0.0,random,boltzmann,1,4,False,False,1,-1,1,-1,1,1,1,1,-1,-1,350,0,420350,1,0.75,1.1173333333333333
0.8518,1000,0.15117599999999998,0.0,0.1864516479519556,1.38628108557555,first,0.01,0.95,0.0,random,boltzmann,1,4,True,True,1,-1,1,-1,1,1,1,1,1,1,351,0,420351,1,0.75,1.1357333333333333
0.8000000000000002,68734,0.3004779999999999,0.07618,0.2405039948025812,0.6931418372532074,first,0.01,0.95,0.5,zeros,egreedy,0,2,False,True,1,-1,1,1,-1,-1,-1,-1,-1,1,352,0,420352,1,0.5,1.6000000000000003
0.8000000000000002,64621,0.29536199999999996,0.07568,0.23998851838369267,0.6931467870503987,first,0.01,0.95,0.5,zeros,egreedy,0,2,True,False,1,-1,1,1,-1,-1,-1,-1,1,-1,353,0,420353,1,0.5,1.6000000000000003
0.8000000000000002,61042,0.16338799999999998,0.01158,0.13143348681367317,1.3862513797025702,first,0.01,0.95,0.5,zeros,egreedy,0,4,False,False,1,-1,1,1,-1,-1,-1,1,-1,-1,354,0,420354,1,0.75,1.0666666666666669
0.8000000000000002,60694,0.16304199999999996,0.01178,0.13173953937979285,1.3862884195555316,first,0.01,0.95,0.5,zeros,egreedy,0,4,True,True,1,-1,1,1,-1,-1,-1,1,1,1,355,0,420355,1,0.75,1.0666666666666669
0.5999999999999998,77611,0.35201399999999994,0.07588,0.23541143515980698,0.6931363549637364,first,0.01,0.95,0.5,zeros,egreedy,1,2,False,False,1,-1,1,1,-1,-1,1,-1,-1,-1,356,0,420356,1,0.5,1.1999999999999995
0.5999999999999998,88273,0.3603199999999999,0.07666,0.23391258538180454,0.6931171144576793,first,0.01,0.95,0.5,zeros,egreedy,1,2,True,True,1,-1,1,1,-1,-1,1,-1,1,1,357,0,420357,1,0.5,1.1999999999999995
0.6718000000000001,78534,0.31966999999999995,0.0,0.2726189485343966,0.6931437483540186,first,0.01,0.95,0.0,zeros,boltzmann,0,2,True,False,1,-1,1,-1,-1,1,-1,-1,1,-1,329,0,420329,1,0.5,1.3436000000000001
0.8000000000000002,61336,0.16431799999999996,0.01109,0.1324537461757877,1.3862146384773901,first,0.01,0.95,0.5,zeros,egreedy,1,4,True,False,1,-1,1,1,-1,-1,1,1,1,-1,359,0,420359,1,0.75,1.0666666666666669
0.8000000000000002,97031,0.15933199999999997,0.01071,0.13071080206318067,1.3862664055767668,first,0.01,0.95,0.5,zeros,egreedy,1,4,False,True,1,-1,1,1,-1,-1,1,1,-1,1,358,0,420358,1,0.75,1.0666666666666669
0.647,82378,0.36298199999999997,0.22083,0.3675732140349729,0.6931424761817717,first,0.01,0.95,0.5,zeros,boltzmann,0,2,True,True,1,-1,1,1,-1,1,-1,-1,1,1,361,0,420361,1,0.5,1.294
0.8358,1000,0.17021399999999998,0.05488,0.24470961199756744,1.386278938401683,first,0.01,0.95,0.5,zeros,boltzmann,0,4,False,True,1,-1,1,1,-1,1,-1,1,-1,1,362,0,420362,1,0.75,1.1144
0.8274000000000001,1000,0.16995199999999996,0.0554,0.24556937450749022,1.3862765856439818,first,0.01,0.95,0.5,zeros,boltzmann,0,4,True,False,1,-1,1,1,-1,1,-1,1,1,-1,363,0,420363,1,0.75,1.1032000000000002
0.6718000000000001,85747,0.320986,0.0,0.272896294962024,0.6931460853575455,first,0.01,0.95,0.0,random,boltzmann,0,2,True,True,1,-1,1,-1,1,1,-1,-1,1,1,345,0,420345,1,0.5,1.3436000000000001
0.605,97504,0.37113799999999997,0.2187,0.36113956437366423,0.6931462251650553,first,0.01,0.95,0.5,zeros,boltzmann,1,2,True,False,1,-1,1,1,-1,1,1,-1,1,-1,365,0,420365,1,0.5,1.21
0.8314000000000001,1000,0.16999399999999998,0.05565,0.24587484613925029,1.386289673822291,first,0.01,0.95,0.5,zeros,boltzmann,1,4,False,False,1,-1,1,1,-1,1,1,1,-1,-1,366,0,420366,1,0.75,1.1085333333333336
0.8422000000000001,1000,0.167644,0.05469,0.24453770519901424,1.3862460743917113,first,0.01,0.95,0.5,zeros,boltzmann,1,4,True,True,1,-1,1,1,-1,1,1,1,1,1,367,0,420367,1,0.75,1.1229333333333333
0.8000000000000002,54789,0.28193599999999996,0.07455,0.23843508949816927,0.693146536918316,first,0.01,0.95,0.5,random,egreedy,0,2,False,False,1,-1,1,1,1,-1,-1,-1,-1,-1,368,0,420368,1,0.5,1.6000000000000003
0.8000000000000002,68551,0.29939999999999994,0.07455,0.23909253438783903,0.6931390581850436,first,0.01,0.95,0.5,random,egreedy,0,2,True,True,1,-1,1,1,1,-1,-1,-1,1,1,369,0,420369,1,0.5,1.6000000000000003
0.8000000000000002,60657,0.16272999999999996,0.01117,0.13028947424868978,1.3862689506074988,first,0.01,0.95,0.5,random,egreedy,0,4,False,True,1,-1,1,1,1,-1,-1,1,-1,1,370,0,420370,1,0.75,1.0666666666666669
0.8000000000000002,61768,0.16365199999999996,0.01201,0.13247347997240805,1.3862925265607224,first,0.01,0.95,0.5,random,egreedy,0,4,True,False,1,-1,1,1,1,-1,-1,1,1,-1,371,0,420371,1,0.75,1.0666666666666669
0.5999999999999998,93647,0.338132,0.08394,0.2488797914174632,0.6931449840896455,first,0.01,0.95,0.5,random,egreedy,1,2,False,True,1,-1,1,1,1,-1,1,-1,-1,1,372,0,420372,1,0.5,1.1999999999999995
0.7574000000000001,74037,0.31566799999999995,0.08463,0.2519922891201236,0.6919205162302284,first,0.01,0.95,0.5,random,egreedy,1,2,True,False,1,-1,1,1,1,-1,1,-1,1,-1,373,0,420373,1,0.5,1.5148000000000001
0.8064000000000001,58900,0.16253199999999998,0.01106,0.13030176121603268,1.3862814706610966,first,0.01,0.95,0.5,random,egreedy,1,4,False,False,1,-1,1,1,1,-1,1,1,-1,-1,374,0,420374,1,0.75,1.0752000000000002
0.6826000000000001,91540,0.32245799999999997,0.0,0.2732640449016299,0.693145932357426,first,0.01,0.95,0.0,zeros,boltzmann,0,2,False,True,1,-1,1,-1,-1,1,-1,-1,-1,1,328,0,420328,1,0.5,1.3652000000000002
0.8208000000000001,44588,0.15957999999999997,0.01277,0.13915970537479588,1.3861151854587423,first,0.01,0.95,0.5,random,egreedy,1,4,True,True,1,-1,1,1,1,-1,1,1,1,1,375,0,420375,1,0.75,1.0944
0.6307999999999999,83487,0.36097599999999996,0.21699,0.3651448033643639,0.6931463486442859,first,0.01,0.95,0.5,zeros,boltzmann,0,2,False,False,1,-1,1,1,-1,1,-1,-1,-1,-1,360,0,420360,1,0.5,1.2615999999999998
0.63,89111,0.36169,0.2193,0.36674233993363786,0.6931410216507101,first,0.01,0.95,0.5,random,boltzmann,0,2,True,False,1,-1,1,1,1,1,-1,-1,1,-1,377,0,420377,1,0.5,1.26
0.8386,1000,0.16967999999999997,0.05516,0.2449128367399308,1.3862750740298715,first,0.01,0.95,0.5,random,boltzmann,0,4,False,False,1,-1,1,1,1,1,-1,1,-1,-1,378,0,420378,1,0.75,1.1181333333333334
0.8268,1000,0.170236,0.05572,0.24599777296552908,1.38628615343143,first,0.01,0.95,0.5,random,boltzmann,0,4,True,True,1,-1,1,1,1,1,-1,1,1,1,379,0,420379,1,0.75,1.1024
0.611,98085,0.363734,0.2189,0.36518868717965514,0.6929892891420983,first,0.01,0.95,0.5,random,boltzmann,1,2,True,True,1,-1,1,1,1,1,1,-1,1,1,381,0,420381,1,0.5,1.222
0.8404,1000,0.16741799999999996,0.05454,0.24433176886356797,1.3862863802976655,first,0.01,0.95,0.5,random,boltzmann,1,4,False,True,1,-1,1,1,1,1,1,1,-1,1,382,0,420382,1,0.75,1.1205333333333334
0.8446,7574,0.17356799999999994,0.05815,0.24906013204846736,1.3862612210447243,first,0.01,0.95,0.5,random,boltzmann,1,4,True,False,1,-1,1,1,1,1,1,1,1,-1,383,0,420383,1,0.75,1.1261333333333334
0.8000000000000002,84200,0.28459199999999996,0.0,0.19793381099751503,0.6931432043526753,first,0.1,0.0,0.0,zeros,egreedy,0,2,False,False,1,1,-1,-1,-1,-1,-1,-1,-1,-1,384,0,420384,1,0.5,1.6000000000000003
0.8000000000000002,84774,0.28504199999999996,0.0,0.19720106043325425,0.6931469355579254,first,0.1,0.0,0.0,zeros,egreedy,0,2,True,True,1,1,-1,-1,-1,-1,-1,-1,1,1,385,0,420385,1,0.5,1.6000000000000003
0.8000000000000002,60453,0.16120399999999996,0.0,0.11154402890338862,1.38624785558078,first,0.1,0.0,0.0,zeros,egreedy,0,4,False,True,1,1,-1,-1,-1,-1,-1,1,-1,1,386,0,420386,1,0.75,1.0666666666666669
0.8000000000000002,62463,0.16112399999999996,0.0,0.11147312063452784,1.3862691039375625,first,0.1,0.0,0.0,zeros,egreedy,0,4,True,False,1,1,-1,-1,-1,-1,-1,1,1,-1,387,0,420387,1,0.75,1.0666666666666669
0.8000000000000002,56499,0.25999799999999995,0.0,0.191978748813508,0.6931424987506389,first,0.1,0.0,0.0,zeros,egreedy,1,2,False,True,1,1,-1,-1,-1,-1,1,-1,-1,1,388,0,420388,1,0.5,1.6000000000000003
0.8000000000000002,57340,0.26294599999999996,0.0,0.19454716930348792,0.6931289396470348,first,0.1,0.0,0.0,zeros,egreedy,1,2,True,False,1,1,-1,-1,-1,-1,1,-1,1,-1,389,0,420389,1,0.5,1.6000000000000003
0.8000000000000002,60332,0.16061399999999995,0.0,0.11037183972372662,1.386289506156167,first,0.1,0.0,0.0,zeros,egreedy,1,4,False,False,1,1,-1,-1,-1,-1,1,1,-1,-1,390,0,420390,1,0.75,1.0666666666666669
0.8000000000000002,62344,0.16152599999999995,0.0,0.11173607888233772,1.386255270941183,first,0.1,0.0,0.0,zeros,egreedy,1,4,True,True,1,1,-1,-1,-1,-1,1,1,1,1,391,0,420391,1,0.75,1.0666666666666669
0.6462,91441,0.36065600000000003,0.21778,0.3658732699501291,0.6931352560456808,first,0.01,0.95,0.5,random,boltzmann,0,2,False,True,1,-1,1,1,1,1,-1,-1,-1,1,376,0,420376,1,0.5,1.2924
0.681,12914,0.32162599999999997,0.0,0.2729650456084075,0.693139960540569,first,0.1,0.0,0.0,zeros,boltzmann,0,2,True,False,1,1,-1,-1,-1,1,-1,-1,1,-1,393,0,420393,1,0.5,1.362
0.8496000000000001,1000,0.151636,0.0,0.18716229188594583,1.386269229496448,first,0.1,0.0,0.0,zeros,boltzmann,0,4,False,False,1,1,-1,-1,-1,1,-1,1,-1,-1,394,0,420394,1,0.75,1.1328000000000003
0.8532000000000001,1000,0.15287399999999998,0.0,0.18731027767850858,1.3862833048332017,first,0.1,0.0,0.0,zeros,boltzmann,0,4,True,True,1,1,-1,-1,-1,1,-1,1,1,1,395,0,420395,1,0.75,1.1376000000000002
0.6456000000000002,78077,0.3601459999999999,0.21674,0.36543680532206935,0.6931468255434954,first,0.01,0.95,0.5,random,boltzmann,1,2,False,False,1,-1,1,1,1,1,1,-1,-1,-1,380,0,420380,1,0.5,1.2912000000000003
0.6776000000000001,1000,0.32032399999999994,0.0,0.2718980232072311,0.6931341755015681,first,0.1,0.0,0.0,zeros,boltzmann,1,2,True,True,1,1,-1,-1,-1,1,1,-1,1,1,397,0,420397,1,0.5,1.3552000000000002
0.8480000000000001,1000,0.15203199999999997,0.0,0.1866201247882982,1.3862685571564994,first,0.1,0.0,0.0,zeros,boltzmann,1,4,False,True,1,1,-1,-1,-1,1,1,1,-1,1,398,0,420398,1,0.75,1.1306666666666667
0.8384000000000001,1000,0.15195799999999998,0.0,0.18666217141134941,1.3862913521103184,first,0.1,0.0,0.0,zeros,boltzmann,1,4,True,False,1,1,-1,-1,-1,1,1,1,1,-1,399,0,420399,1,0.75,1.1178666666666668
