mean_platform_revenue,mean_liquid_welfare,mean_effective_poa,mean_budget_utilization,mean_bid_to_value,mean_allocative_efficiency,mean_dual_cv,mean_no_sale_rate,mean_winner_entropy,warm_start_benefit,inter_episode_volatility,bid_suppression_ratio,cross_episode_drift,auction_type,auction_type_coded,objective,objective_coded,n_bidders,n_bidders_coded,cell_id,replicate,seed,auction_type_code,objective_code
2078.5652230634278,2402.6581183948915,0.8653727277739401,0.9997540301405481,1.2202169696846832,0.8809444444444445,0.1439829722645666,0.0,0.6928677829414717,10.931244432613767,0.0006811224764293025,1.2202169695626615,-3.6678422813963864e-05,second,-1,value_max,-1,2,-1,0,0,420000,0,0
2997.904284444831,3462.214369474074,0.8662620164390689,0.9996362797314692,1.2385445579433387,0.837722222222222,0.21897275162667929,0.0,0.6894003719719641,-0.659615190148088,0.000874847279423384,1.2385445578194842,1.6810325725734847e-05,second,-1,value_max,-1,2,-1,0,1,420001,0,0
2744.2813438949715,3173.0551517426584,0.8651569471720771,0.9997361192546192,1.2327527693344762,0.8478777777777777,0.1901944235683915,0.0,0.6907264260834987,6.100071285010472,0.0007646065268702201,1.2327527692112008,8.455291638754702e-05,second,-1,value_max,-1,2,-1,0,2,420002,0,0
1990.9423335940153,2320.724002437325,0.8581380040949551,0.9997777661627002,1.2313793118364096,0.8380444444444441,0.15759474171303883,0.0,0.6865090879372354,14.643655455738326,0.0004903145711102896,1.2313793117132716,4.4009845940889344e-05,second,-1,value_max,-1,2,-1,0,3,420003,0,0
2056.7444698870772,2387.081992932087,0.8619193270771248,0.9997037615922936,1.2268918963457056,0.8594888888888889,0.15657932305809313,0.0,0.6900944780904195,10.16671991939279,0.0009419165093483245,1.2268918962230164,8.754520959986335e-05,second,-1,value_max,-1,2,-1,0,4,420004,0,0
3031.082327905481,3757.8467000568326,0.806804691017486,0.9998059957459072,1.3467876079723005,0.7297,0.14907701547008106,0.0,0.6359835585349951,9.413506433946168,0.0005028784779835235,1.3467876078376217,7.731955583965086e-05,second,-1,value_max,-1,2,-1,0,5,420005,0,0
3182.81821247451,3858.1341063021264,0.8251542683740598,0.9998485146530799,1.3075978537746997,0.7425555555555555,0.17501486219906437,0.0,0.6540212314850716,12.636245670218614,0.0004080146939778676,1.3075978536439399,1.527778200366092e-05,second,-1,value_max,-1,2,-1,0,6,420006,0,0
2660.739642344374,3134.6737983036755,0.8491211167421326,0.9996974959314078,1.2585512464964863,0.7842555555555557,0.17468097593090226,0.0,0.6759702066221943,-0.25503229435480534,0.0008763474157928373,1.2585512463706312,0.00014189345083870242,second,-1,value_max,-1,2,-1,0,7,420007,0,0
3464.5759531990307,4014.172233575966,0.8634190062614452,0.9996972279394438,1.2435140058275886,0.8204777777777776,0.17011520683641232,0.0,0.6869865234487519,2.8510374984330156,0.0007783342249706611,1.2435140057032372,8.533582857256903e-05,second,-1,value_max,-1,2,-1,0,8,420008,0,0
4415.77554272268,5077.059932534956,0.8699623944231335,0.9998181490822731,1.2398419016879134,0.8324777777777778,0.17412143047044143,0.0,0.69181817637779,0.5048270371635226,0.00042327744745321094,1.2398419015639293,1.4946994819355856e-05,second,-1,value_max,-1,2,-1,0,9,420009,0,0
2231.955478272144,2582.027297156066,0.8647300065052331,0.9997177834045557,1.2267835160143814,0.8642666666666666,0.1422394569364104,0.0,0.6909952189694338,7.786788046725178,0.0008234715819410601,1.226783515891703,7.21149339934554e-05,second,-1,value_max,-1,2,-1,0,10,420010,0,0
2843.4854942484903,3642.233225476323,0.7809052684554256,0.9997800612530832,1.4063539599529713,0.7318333333333332,0.17586586696438375,0.0,0.6089739320663256,13.053007518361483,0.0006124426264057799,1.4063539598123358,6.48412244240138e-05,second,-1,value_max,-1,2,-1,0,11,420011,0,0
3032.9896370441406,3519.531859711182,0.8620375473457313,0.9997379230464347,1.2388239283277667,0.8282444444444443,0.16431547072156164,0.0,0.6869011298186243,8.742244496120747,0.0006501877231964839,1.2388239282038842,-2.903056297028965e-05,second,-1,value_max,-1,2,-1,0,12,420012,0,0
1901.1588691909903,2202.0306986019873,0.8636112703839318,0.9997771192496804,1.222095938320278,0.8765333333333334,0.11603726190332612,0.0,0.6918467663893066,2.6753342752679146,0.0005944333265120142,1.2220959381980685,5.7341229538331564e-05,second,-1,value_max,-1,2,-1,0,13,420013,0,0
2588.780482778895,3194.4124923142817,0.8107894121128939,0.9996287044356921,1.3422606576992133,0.7284333333333332,0.19969029971861763,0.0,0.6405438419433208,11.385547471432801,0.0011530236863613545,1.3422606575649871,0.00014988456930800116,second,-1,value_max,-1,2,-1,0,14,420014,0,0
3298.0641331123998,3946.899194658991,0.8358390125662064,0.9997966139193307,1.293131184576202,0.7462777777777778,0.2192486795249735,0.0,0.6638958075625988,11.98475011401979,0.0008096407702543311,1.2931311844468887,6.72119124662558e-05,second,-1,value_max,-1,2,-1,0,15,420015,0,0
2451.3631469087845,2829.780952691487,0.8665768863756518,0.9997127798147768,1.2258138594360666,0.8684000000000001,0.1674866100832092,0.0,0.6924418422837355,8.772758258835438,0.0007730329035073731,1.225813859313485,-8.920945791243067e-06,second,-1,value_max,-1,2,-1,0,16,420016,0,0
1766.4378922588558,2039.6090650008916,0.8664044879585381,0.9996819597750679,1.2193861251650455,0.8873777777777777,0.13973917545738374,0.0,0.6928386232397243,3.271735286579542,0.0007620882493020588,1.2193861250431068,7.404239184473832e-05,second,-1,value_max,-1,2,-1,0,17,420017,0,0
2948.4372943924686,3674.0476815834604,0.8028043881049391,0.9997014631926616,1.3601239007821921,0.7267333333333335,0.18389831493908623,0.0,0.6319663643704823,12.028190770745368,0.0006676121739074188,1.3601239006461798,7.786158416404753e-05,second,-1,value_max,-1,2,-1,0,18,420018,0,0
2809.7670838604763,3606.975676624398,0.779236202504231,0.9995378255834722,1.4295407066995807,0.7299,0.22573374773187996,0.0,0.6079679291068562,17.374955952144774,0.0011929754594366398,1.4295407065566266,0.00019763667064782577,second,-1,value_max,-1,2,-1,0,19,420019,0,0
3268.975864335928,4132.209068601467,0.7914995184540813,0.9996008328283535,1.3984100905071928,0.7273,0.2205284028726006,0.0,0.6190814030890289,11.288608434925209,0.0011735279773619888,1.3984100903673518,0.00028019406484198085,second,-1,value_max,-1,2,-1,0,20,420020,0,0
2247.0332017671794,2604.0566731617164,0.8633086109522711,0.9996052130573564,1.2339465885918062,0.8433777777777778,0.17644607985386318,0.0,0.689005858883561,10.392083156407807,0.0011537549475809383,1.2339465884684115,0.00016157672550827048,second,-1,value_max,-1,2,-1,0,21,420021,0,0
3015.6122360048066,3759.8782607132316,0.8022987284224344,0.9997712878772668,1.3562312714728697,0.7278222222222223,0.15279837166641413,0.0,0.6320629981180576,14.393022593239039,0.0006887611383598165,1.3562312713372466,0.00016857334988044752,second,-1,value_max,-1,2,-1,0,22,420022,0,0
2195.8253491942105,2588.889130639916,0.8483219717512335,0.9998897001823324,1.2522619513859616,0.7901333333333335,0.13810525377846308,0.0,0.6771163896863498,8.439031094993425,0.0002720336938197656,1.2522619512607354,-2.402112819080877e-05,second,-1,value_max,-1,2,-1,0,23,420023,0,0
2471.0675764548905,3007.8825681053504,0.8218814161882332,0.9996824639493311,1.3079811020970982,0.7394666666666667,0.13722732846760455,0.0,0.652353039284052,11.522686373098622,0.0007242344140829758,1.3079811019663001,9.875409576475594e-05,second,-1,value_max,-1,2,-1,0,24,420024,0,0
7484.656012184876,4879.921456723583,1.0621570534541946,0.9999288455742624,1.913702580666706,0.6427666666666666,0.17155205191971468,0.0,1.3729562936574322,69.50981091027825,4.7768175500521546e-05,1.9137025804753358,-1.2081181735984104e-05,second,-1,value_max,-1,4,1,1,0,421000,0,0
6932.057067919915,4548.5695878657925,1.058722435910242,0.9999149761916811,1.922900371707596,0.6453333333333333,0.16024891231320168,0.0,1.3707198315201445,62.38625701910678,8.277511039531037e-05,1.9229003715153061,-1.4790881682095746e-05,second,-1,value_max,-1,4,1,1,1,421001,0,0
7721.909264621814,4949.364690665343,1.0476165317050052,0.9999241126241731,1.8786372938426026,0.6815111111111112,0.17513774867586754,0.0,1.384196902768703,65.27312152432387,8.152447251468092e-05,1.8786372936547389,0.00011844080638425025,second,-1,value_max,-1,4,1,1,2,421002,0,0
5696.38107632932,4049.4665890899596,0.9605318639865159,0.9998695965395548,2.036260448319021,0.5139555555555557,0.14712107112861073,0.0,1.3240673232057671,77.2661981777901,0.0003949988519046334,2.036260448115395,-7.680342504943669e-05,second,-1,value_max,-1,4,1,1,3,421003,0,0
4632.875920127997,3242.4661125300354,0.9611371866179491,0.9999081618922427,1.9987264186489402,0.5214,0.12498304395352147,0.0,1.3380538194169316,77.55511862304866,0.00021701334355750442,1.9987264184490676,-3.7799226834921325e-05,second,-1,value_max,-1,4,1,1,4,421004,0,0
7129.081590651388,4778.658737155936,1.0690463020135914,0.9999102995210389,1.9734366016421356,0.6273777777777778,0.16937633501627308,0.0,1.355352935095792,76.99861630042051,0.00019519361244634245,1.973436601444792,4.6815675942314225e-05,second,-1,value_max,-1,4,1,1,5,421005,0,0
6026.347601385318,4059.531192189512,1.0421801801198127,0.9999215045127048,1.979821285681655,0.6359555555555555,0.14431468596108055,0.0,1.3552098419282683,73.47706762954658,6.478517987522776e-05,1.979821285483673,1.375767335010749e-06,second,-1,value_max,-1,4,1,1,6,421006,0,0
7350.98462574962,4759.191628395841,1.048493662326279,0.9999302210210875,1.8962345659263178,0.6602888888888889,0.1649812667622012,0.0,1.3788276211886346,72.34795881108312,0.0001245684258895322,1.8962345657366944,-9.258817134584747e-05,second,-1,value_max,-1,4,1,1,7,421007,0,0
6137.216803241932,4137.000654614453,1.0667051290948744,0.9999164604118609,1.9853719021491019,0.6399222222222223,0.15668892417271843,0.0,1.3532731642888578,74.94547334876097,0.00017429839646374451,1.9853719019505647,-7.571282335523346e-05,second,-1,value_max,-1,4,1,1,8,421008,0,0
6364.257562075739,4207.280100842924,1.034692705112955,0.9999170620848575,1.9316078334259401,0.6337222222222222,0.1608790510138958,0.0,1.3673070802962588,73.49277181662274,0.00020465165107966612,1.9316078332327793,6.673019306160032e-06,second,-1,value_max,-1,4,1,1,9,421009,0,0
5843.086768905957,3976.5643226870952,1.0113073174874971,0.999915738616407,1.9693613309084914,0.5751777777777778,0.14244442707789365,0.0,1.3516599752216956,82.0029344571376,0.00013701554188198724,1.9693613307115552,9.34759151130356e-06,second,-1,value_max,-1,4,1,1,10,421010,0,0
5990.500163699319,3984.1355044698407,1.0056950219142904,0.9999209028078988,1.9263403998601287,0.6059444444444444,0.14644242961388848,0.0,1.367270363136583,57.49825752771176,9.935353927614281e-05,1.9263403996674946,-2.6333978426981423e-05,second,-1,value_max,-1,4,1,1,11,421011,0,0
7330.841323182512,4909.566878043821,1.065383737470614,0.999924623220114,1.9676617881586926,0.6172555555555556,0.16619515044736902,0.0,1.3561465111918478,79.11243744880994,0.0001684864172507246,1.9676617879619265,1.3695665718301741e-05,second,-1,value_max,-1,4,1,1,12,421012,0,0
4094.4833828974242,2676.906500292186,1.0321425988039674,0.9999234557834897,1.8850485892217708,0.7378666666666666,0.11369146742418047,0.0,1.3828243476519453,74.5702172698202,6.617128355322527e-05,1.885048589033266,2.9416494949446768e-05,second,-1,value_max,-1,4,1,1,13,421013,0,0
7733.409330001389,5000.442101591864,1.0432884803626945,0.9999241795278204,1.8948498929951512,0.6510888888888889,0.17412333184640824,0.0,1.3780389912806204,67.68909694363174,7.517854844672562e-05,1.894849892805666,7.988437971287956e-05,second,-1,value_max,-1,4,1,1,14,421014,0,0
5437.207909007105,3660.144089729533,1.029902487100423,0.9999301488758094,1.9600174125616852,0.612211111111111,0.13572452896749945,0.0,1.3585715746679972,83.55598253865355,5.441815789226275e-05,1.9600174123656835,1.7002201689672285e-05,second,-1,value_max,-1,4,1,1,15,421015,0,0
5050.845210385682,3419.921528203204,1.0092970809262005,0.9999133396600794,1.961188107489881,0.6022,0.12989432338279078,0.0,1.3581694341579524,75.78369615610609,8.438111038268314e-05,1.961188107293762,-1.1027244401846622e-05,second,-1,value_max,-1,4,1,1,16,421016,0,0
7839.009824194314,5092.541258839704,1.0640645538471991,0.9999097622685695,1.9110541793711866,0.6478222222222223,0.17928623009992609,0.0,1.3743993079097083,66.01312565414628,0.00020744949718841656,1.9110541791800812,-4.670902895644481e-05,second,-1,value_max,-1,4,1,1,17,421017,0,0
5561.91843561537,3708.511311199728,1.0090196393109103,0.9999113632651734,1.9292863977562418,0.6123999999999999,0.13743913843833655,0.0,1.3661633376250935,75.95719979226487,0.0001213205165517061,1.9292863975633132,1.93953850109484e-05,second,-1,value_max,-1,4,1,1,18,421018,0,0
5113.163615237923,3361.7690050536794,1.0356129077624745,0.9999240968577147,1.9048110283861333,0.6792333333333332,0.1303108927474787,0.0,1.3759720423062123,78.20189643045705,5.316821407737315e-05,1.904811028195652,-1.3176653643938499e-05,second,-1,value_max,-1,4,1,1,19,421019,0,0
3895.054090268436,2549.765108934117,1.0254484264932586,0.9999149996629904,1.8898163335878988,0.7271333333333334,0.11202108834923535,0.0,1.3818356914563656,72.94345618005127,0.00014847970574693209,1.889816333398917,-3.9944760288456584e-05,second,-1,value_max,-1,4,1,1,20,421020,0,0
7393.395706781565,4942.47173991487,1.0616514196660187,0.9999202053983203,1.965806710886538,0.6114222222222222,0.17326300788404772,0.0,1.3564805695312585,59.72542247250476,0.0001580618918844136,1.9658067106899573,-5.134006730495248e-05,second,-1,value_max,-1,4,1,1,21,421021,0,0
6775.309871047108,4435.89121398074,1.051908633979124,0.9999069004606814,1.913401972450302,0.6405333333333333,0.16451612009735572,0.0,1.3727924243578966,68.2471050844606,0.0001083089935183865,1.9134019722589617,-4.728703247115992e-05,second,-1,value_max,-1,4,1,1,22,421022,0,0
6285.112299335072,4217.320333151139,1.044314766764976,0.9999152438125857,1.9635893993234068,0.6129111111111112,0.1587422864595052,0.0,1.3566327954993023,78.33495741179286,9.459174166188767e-05,1.9635893991270479,3.0245568826191742e-05,second,-1,value_max,-1,4,1,1,23,421023,0,0
5748.479315775755,3834.5606336987785,1.0641270017349236,0.9999118021628942,1.9543816554886895,0.6718666666666666,0.15003728120922372,0.0,1.3626726079882727,71.70915230501123,0.0002592591504192191,1.9543816552932514,-0.00012040087128764693,second,-1,value_max,-1,4,1,1,24,421024,0,0
2164.9392260268914,3047.442000519906,0.8548594201100742,0.8301426592957533,0.9998905487902159,0.9999888888888888,0.07613594631650149,0.0,0.6892704221172709,93.77984979265193,0.007366588914323883,0.9998905486902269,7.308621253748507e-09,second,-1,utility_max,1,2,-1,2,0,422000,0,1
1628.9379825742617,2298.4345384173866,0.8544611530274764,0.8268185381588187,0.9998921462525993,1.0,0.06328326182247535,0.0,0.6832510042561334,122.91766336228943,0.007882700009083624,0.99989214615261,-3.75559659585207e-09,second,-1,utility_max,1,2,-1,2,1,422001,0,1
1662.2165087854914,2405.831032128902,0.8472286154034131,0.8005348882928257,0.9986891751149924,0.9978555555555556,0.08391074291730018,0.0,0.6402568293982831,100.24810668882628,0.009627181031342706,0.9986891750151236,-3.959076838349737e-07,second,-1,utility_max,1,2,-1,2,2,422002,0,1
2909.8984760059516,4526.503066985569,0.8305038733899291,0.7319546188828672,0.9896272185698342,0.9810444444444443,0.1672529709695608,0.0,0.5564478540014495,32.92794491138693,0.012445026950323021,0.9896272184708714,5.46513360514009e-06,second,-1,utility_max,1,2,-1,2,3,422003,0,1
1892.8825873842916,3578.683401173223,0.7650635561234114,0.5761206699686761,0.9998930784122695,1.0,0.04625168923290568,0.0,0.26976352643185736,47.07644998782848,0.009065887882005673,0.9998930783122801,2.799835397116092e-08,second,-1,utility_max,1,2,-1,2,4,422004,0,1
2159.257565896585,4149.569560391099,0.75958564696055,0.5657756368279802,0.9998940281280273,1.0,0.04757671487899718,0.0,0.2537318909898942,35.25597549107442,0.009104246374262943,0.9998940280280378,-2.381161060229445e-08,second,-1,utility_max,1,2,-1,2,5,422005,0,1
1982.6564150121628,3442.0094718298487,0.7922940117066495,0.6400644369548667,0.9947178733348293,0.9896444444444445,0.09134238369791028,0.0,0.39233893965283034,62.244414749363386,0.011153096961166032,0.9947178732353575,-2.2256924891695407e-06,second,-1,utility_max,1,2,-1,2,6,422006,0,1
1614.1494105777192,2470.9180120427095,0.8352598860651346,0.7461423839942883,0.9897711167333859,0.9813777777777778,0.11108175435692215,0.0,0.5783200463153582,107.4045708691815,0.015007299144423869,0.9897711166344088,-7.374881255967157e-05,second,-1,utility_max,1,2,-1,2,7,422007,0,1
2786.4576594026717,4647.097722272696,0.809256427363333,0.6716359586120781,0.9868804727824511,0.9759666666666665,0.1720219775282762,0.0,0.4668880035639863,46.08865251249745,0.012740179494809238,0.986880472683763,4.8159041904583865e-05,second,-1,utility_max,1,2,-1,2,8,422008,0,1
1633.7457636444174,2354.682809661827,0.8469049866819786,0.8054887811616513,0.9994501918004897,0.9993333333333333,0.07643861613724845,0.0,0.6448669934802435,95.11664428144582,0.008327048621806738,0.9994501917005446,1.01996367316597e-05,second,-1,utility_max,1,2,-1,2,9,422009,0,1
2281.9719318299985,4073.0909066953864,0.7806503777791227,0.6196461990067998,0.9976522165932012,0.9950666666666667,0.08402628694534779,0.0,0.34361947438559565,60.370064196936255,0.008109875277930157,0.997652216493436,-7.057431313839644e-07,second,-1,utility_max,1,2,-1,2,10,422010,0,1
1857.0398886826713,2732.785383189244,0.8426038701286644,0.7845885506779996,0.9972136737262982,0.9952888888888888,0.09808176573882932,0.0,0.618012365163989,95.0998298789932,0.011377853105219727,0.9972136736265769,1.6895796109889183e-05,second,-1,utility_max,1,2,-1,2,11,422011,0,1
2426.358625091052,4624.586448337966,0.7622927871509698,0.5708890158184413,0.9998916901345184,1.0,0.052197656957820956,0.0,0.2615835537889069,88.36753187538761,0.009061557081663561,0.9998916900345293,-1.040724425376529e-09,second,-1,utility_max,1,2,-1,2,12,422012,0,1
2049.223221528557,3392.7898036806514,0.8123520442350801,0.6769202202366897,0.9888604992953007,0.9780555555555555,0.13326808695085246,0.0,0.4763601834003877,61.544440647206784,0.014047659072288592,0.9888604991964147,-1.1420095389801795e-05,second,-1,utility_max,1,2,-1,2,13,422013,0,1
3264.726673712639,4589.189955827705,0.8559021431679382,0.8308413890064955,0.9998850874368503,0.9999777777777779,0.12411587588756105,0.0,0.6912558638897193,120.59091609663301,0.007317079418986573,0.9998850873368619,8.324615945131823e-09,second,-1,utility_max,1,2,-1,2,14,422014,0,1
2197.491008718157,3258.5277447160965,0.8399588640652091,0.7784628224449354,0.9960160121794269,0.9928111111111112,0.11958159141410857,0.0,0.610063435159127,116.05664124637042,0.011705672506349355,0.9960160120798253,1.9164326557496926e-05,second,-1,utility_max,1,2,-1,2,15,422015,0,1
2470.509890257767,3529.954155054936,0.8502420395820004,0.8141438680978754,0.9998791705624268,0.9999444444444445,0.10381058730341507,0.0,0.6609261212835004,137.71583215602504,0.00667451265085633,0.9998791704624389,3.2008319975589557e-08,second,-1,utility_max,1,2,-1,2,16,422016,0,1
1971.5155934527015,4673.065704458757,0.7099965178718286,0.44041074428992055,0.9998995668006684,1.0,0.01200016750911105,0.0,0.10261265007313496,66.96284024285205,0.009175302273975705,0.9998995667006784,-1.8711940369951174e-10,second,-1,utility_max,1,2,-1,2,17,422017,0,1
2331.278902969236,3855.6815512033877,0.812774870922523,0.6775731868647494,0.9874854184825285,0.9768333333333332,0.14742192431002013,0.0,0.4781841922144258,30.46593775979136,0.01482637663927645,0.9874854183837799,3.8588558174004234e-05,second,-1,utility_max,1,2,-1,2,18,422018,0,1
2151.5271624878837,3462.8359433387695,0.8200324824154014,0.7030726903138206,0.9872225796140479,0.9775666666666666,0.13643178711433912,0.0,0.5178391918113311,136.19071479816694,0.01418258938196898,0.9872225795153257,1.3298385970125298e-05,second,-1,utility_max,1,2,-1,2,19,422019,0,1
1786.0553408084813,2931.310511802942,0.8152048856797298,0.6836014915604015,0.9869350643940906,0.9758444444444445,0.11959760352214488,0.0,0.4853285186644035,95.11875791467855,0.012545915490060244,0.9869350642953971,4.343278595898707e-05,second,-1,utility_max,1,2,-1,2,20,422020,0,1
2392.367212499871,3826.1840076033536,0.8224194214989252,0.7079360588189902,0.9866145368525306,0.9762000000000001,0.15772610154440103,0.0,0.5242933254263306,57.778536303051624,0.013032819036757409,0.9866145367538692,1.618270792698352e-05,second,-1,utility_max,1,2,-1,2,21,422021,0,1
2444.777491598608,4415.550090173068,0.7773393428409806,0.6097360413355094,0.9987011069280931,0.9977222222222223,0.08853856172615508,0.0,0.32370563893927534,41.80683545441798,0.009126324811125918,0.998701106828223,-2.6629988150586644e-06,second,-1,utility_max,1,2,-1,2,22,422022,0,1
3467.640613133903,4884.210569191544,0.8546822850214086,0.8289767682553284,0.9998824063145446,0.9999777777777779,0.1282687005948969,0.0,0.6864419641312945,138.28631067424203,0.007434053966534563,0.9998824062145564,4.657273503011215e-08,second,-1,utility_max,1,2,-1,2,23,422023,0,1
2063.4989622654616,3179.4537803164885,0.83311329927843,0.7403817831963984,0.9902816598188888,0.9820111111111112,0.12743376867853676,0.0,0.5679186278507266,68.21772749749903,0.01462091972334332,0.9902816597198607,1.4064144374882154e-05,second,-1,utility_max,1,2,-1,2,24,422024,0,1
3237.4854523887116,4820.330676280738,0.8896662903038515,0.4063502843394366,0.9863364775716063,0.9527555555555555,0.11510358263063153,0.0,0.8082831361770939,106.90911375788801,0.006620242797974457,0.9863364774729726,-3.241687322779658e-06,second,-1,utility_max,1,4,1,3,0,423000,0,1
3169.351222178373,4767.672637461041,0.8883222268560178,0.3958288499275687,0.9884990301896515,0.9588444444444445,0.11260221309118808,0.0,0.7341010356574827,28.72964185308865,0.006649213807536788,0.9884990300908015,-1.917875129999296e-05,second,-1,utility_max,1,4,1,3,1,423001,0,1
3231.332551746548,4781.150000598266,0.8918224815940387,0.4123098375224598,0.985362579819313,0.9456444444444443,0.13254369908071895,0.0,0.8531169940439772,37.49129374621998,0.006774105193631382,0.9853625797207767,8.273512373280544e-06,second,-1,utility_max,1,4,1,3,2,423002,0,1
2583.283693522309,3474.6398498870185,0.9570157865871555,0.4593303290016909,0.9998944981106752,0.9999888888888888,0.050331734190953645,0.0,0.9537503002863226,85.52415003259966,0.006443378981005557,0.9998944980106858,6.7127116288750746e-09,second,-1,utility_max,1,4,1,3,3,423003,0,1
2691.541531618206,3559.8086793709545,0.9634143739207489,0.48101889781091045,0.9998917487932729,0.9999666666666668,0.06145959071694954,0.0,1.0946753885659033,106.38553839084125,0.005964617153068493,0.9998917486932838,1.2436182051769739e-08,second,-1,utility_max,1,4,1,3,4,423004,0,1
3271.35523061439,4189.88055887688,0.987866673203816,0.5115560828953898,0.9998946474728158,0.9999777777777776,0.06076454023505176,0.0,1.2706224872087069,74.43830829441731,0.00556140683725435,0.9998946473728263,-8.517099411928811e-09,second,-1,utility_max,1,4,1,3,5,423005,0,1
3280.4829139910303,4649.574466812692,0.91561287766991,0.4353919335288307,0.9904642077495821,0.9646888888888887,0.11585250687037722,0.0,0.92050185687461,82.51783066443113,0.007262608336250462,0.9904642076505357,-2.0547744810653092e-05,second,-1,utility_max,1,4,1,3,6,423006,0,1
2589.741191188935,3291.910323868103,0.9993211853933281,0.5161092347894763,0.9998966378280421,0.9999888888888888,0.045150115336530336,0.0,1.300124576969027,56.34099114007495,0.006152352544333973,0.9998966377280524,1.6951517194390817e-09,second,-1,utility_max,1,4,1,3,7,423007,0,1
3263.634353377499,4464.503605535769,0.9428688541619686,0.44722928352845936,0.9998131797702285,0.9995888888888889,0.07695674139956689,0.0,0.894345094559518,80.90301924153437,0.006960810273016664,0.9998131796702472,2.1453534616565272e-07,second,-1,utility_max,1,4,1,3,8,423008,0,1
3511.6589376318584,4760.6455676105215,0.9548612710959554,0.453651076174641,0.9998872910571996,0.9999666666666666,0.07877247290918712,0.0,0.9228846637843497,120.0134224970343,0.006130518319679173,0.999887290957211,5.724250747096839e-09,second,-1,utility_max,1,4,1,3,9,423009,0,1
3147.721595131777,4362.859394193083,0.9321924219369415,0.4366737854730971,0.9995040091607856,0.9988555555555555,0.07392465977750712,0.0,0.8429190459291195,99.90975730722585,0.006639195214417068,0.9995040090608353,7.5334484425844755e-06,second,-1,utility_max,1,4,1,3,10,423010,0,1
2557.865322813905,3335.8419181309,0.9692546732664429,0.49409245704843635,0.999893001892441,0.9999777777777776,0.05404442518192984,0.0,1.1763951646372777,83.71532808950042,0.005990403577978258,0.9998930017924517,2.5302403467003557e-09,second,-1,utility_max,1,4,1,3,11,423011,0,1
3025.411545753783,3972.371024384033,0.9714884250283018,0.48568872300249744,0.9998925479986134,0.9999888888888888,0.06325813963707659,0.0,1.1205027110211667,104.97713114368935,0.005736852114886234,0.9998925478986241,1.3111102706732438e-08,second,-1,utility_max,1,4,1,3,12,423012,0,1
2766.197326336522,4163.027262858729,0.8828087979864683,0.4031870576529146,0.9845834080316472,0.9443888888888888,0.10443912501978968,0.0,0.8105635648197986,65.27976253378256,0.006416119941898793,0.9845834079331889,-7.5356148246132196e-06,second,-1,utility_max,1,4,1,3,13,423013,0,1
2774.8771199124335,3754.8720282615486,0.9452539220305742,0.4630082607968281,0.9990947145908818,0.9972777777777777,0.07780013898121421,0.0,1.0028928368277883,98.67687381528185,0.00624706506942933,0.9990947144909723,2.905445593159848e-06,second,-1,utility_max,1,4,1,3,14,423014,0,1
2353.017539773519,3020.9268643534315,0.9889474559503658,0.5071689054924443,0.9998963341393512,0.9999777777777779,0.04468834431815556,0.0,1.2442004877874522,104.84455105257302,0.006533310810075884,0.9998963340393615,2.4954363813529956e-09,second,-1,utility_max,1,4,1,3,15,423015,0,1
3126.2920741465814,4190.685455237142,0.9623963519240202,0.4632559970005522,0.9998923271607352,0.9999666666666668,0.06606761352862467,0.0,0.987126085388575,72.6792322915253,0.006322806327533968,0.9998923270607459,-3.2579879495780804e-09,second,-1,utility_max,1,4,1,3,16,423016,0,1
4101.019304448042,5463.522913221108,0.9755365024031325,0.4651776456830838,0.9998921546273576,0.9999888888888888,0.07825175683550516,0.0,0.9787470631556368,116.66115481145698,0.007192014031951822,0.9998921545273683,1.2286012718531915e-08,second,-1,utility_max,1,4,1,3,17,423017,0,1
4049.7167066523066,5369.96483968203,0.980689622172324,0.4710015126432919,0.9998916989766735,0.9999666666666667,0.07983181570094311,0.0,1.0164623934282295,53.83789900434067,0.006281824297340148,0.9998916988766844,1.0883312726076918e-08,second,-1,utility_max,1,4,1,3,18,423018,0,1
2770.068892122623,3570.9201858721894,0.995988736778646,0.500463926345219,0.9998959587391694,0.9999777777777779,0.048948883737031115,0.0,1.199448938623194,38.91970162075404,0.005481017842099366,0.9998959586391798,1.9804973111685028e-10,second,-1,utility_max,1,4,1,3,19,423019,0,1
2943.9217966007736,4230.471308770724,0.9091522974895091,0.4279064261880317,0.989209444694652,0.9598555555555554,0.11478842765180318,0.0,0.9000303219464729,68.77588780773294,0.006519836033544191,0.989209444595731,-1.6050299290783614e-05,second,-1,utility_max,1,4,1,3,20,423020,0,1
3514.4939768758254,4732.177883690365,0.9584856505973856,0.464098506509927,0.9998871835580019,0.9999555555555557,0.07764460691246515,0.0,0.9950618102107808,97.66363068743749,0.006413211051547982,0.9998871834580132,2.4489559876034586e-08,second,-1,utility_max,1,4,1,3,21,423021,0,1
3622.4541630782214,4837.812632371631,0.9633984271333288,0.4680868658381683,0.9998862982205265,0.9999666666666667,0.08150498127532808,0.0,1.0116688755218266,100.16968917197892,0.007345395977889576,0.9998862981205379,1.5595762720912063e-09,second,-1,utility_max,1,4,1,3,22,423022,0,1
2518.912483678718,3845.441996980099,0.8770347648935999,0.39463548503773255,0.9847438787910233,0.9473777777777778,0.09775787340922272,0.0,0.7697779597841584,69.28816729903474,0.006459795150610301,0.9847438786925489,5.125332977139932e-07,second,-1,utility_max,1,4,1,3,23,423023,0,1
3750.7434012135955,5063.669882374027,0.9470388276516155,0.46231226433041145,0.9994395739699875,0.9983222222222222,0.0996619132453289,0.0,0.991447851707224,82.08690241374688,0.006724953847525609,0.9994395738700436,6.88635174688599e-06,second,-1,utility_max,1,4,1,3,24,423024,0,1
3206.833292870113,3879.596094349041,0.8266445474519154,0.9999921701288246,0.8879674989543714,0.7179555555555557,0.08911246922893523,0.0013333333333333335,0.6642359577953922,9.094947017729282e-13,2.776345937349613e-05,1.7759349975535559,2.6726749639220593e-05,first,1,value_max,-1,2,-1,4,0,424000,1,0
2207.488489425691,2572.9586747723,0.8580202642447252,1.0,0.8546573560992278,0.8412777777777777,0.07337663766298193,0.0031333333333333335,0.6886557862346949,-2.7284841053187847e-12,1.0147914334150676e-15,1.7093147118565926,2.1056528548826742e-05,first,1,value_max,-1,2,-1,4,1,424001,1,0
2499.6230818233307,2953.5907862375407,0.8463591781199623,0.999997643108892,0.8664372522616708,0.7702222222222223,0.07811292534063462,0.002455555555555556,0.6801596163038577,3.637978807091713e-12,1.822121606275152e-05,1.7328745041767666,1.5117318327425362e-05,first,1,value_max,-1,2,-1,4,2,424002,1,0
3988.2215741958294,4658.090633161002,0.856241900921175,1.0,0.8570956347870333,0.7907777777777778,0.10080506375133766,0.0016444444444444447,0.6845558936182569,-2.2737367544323206e-12,7.369933463974082e-16,1.7141912692312284,2.3070693862949408e-05,first,1,value_max,-1,2,-1,4,3,424003,1,0
4317.61157192056,4981.259248863701,0.8668245843279216,0.9999988668231542,0.8466252300998407,0.840511111111111,0.10609057182347162,0.001411111111111111,0.6912386112358837,-5.4569682106375694e-12,1.1420403073833514e-05,1.6932504598610312,-7.350090275230737e-06,first,1,value_max,-1,2,-1,4,4,424004,1,0
2340.5504695073855,2763.5065757951947,0.8470058054256908,1.0,0.8645501249014232,0.7763333333333332,0.07640042199742668,0.002488888888888889,0.6812490915233651,-9.094947017729282e-13,9.851732022690365e-16,1.7291002494570265,2.5329377703521407e-06,first,1,value_max,-1,2,-1,4,5,424005,1,0
3410.678338156253,4234.936476741709,0.8053907966814184,0.9999879764951213,0.9180841853669708,0.6990444444444445,0.09596651583132138,0.0014666666666666667,0.6456826560824109,9.094947017729282e-13,7.77719623531816e-05,1.8361683703667078,-9.577037756595513e-05,first,1,value_max,-1,2,-1,4,6,424006,1,0
3125.0943087980772,3683.7587409279968,0.848417381037015,0.9999991650040935,0.8626316390991301,0.7764000000000001,0.08971623571738767,0.001677777777777778,0.6812772124643668,-9.094947017729282e-13,6.5183665374036326e-06,1.7252632778532075,-1.636456262764411e-05,first,1,value_max,-1,2,-1,4,7,424007,1,0
3597.703202797809,4398.280231703832,0.8180533464906559,0.9999876026413402,0.8975531864718245,0.7060888888888889,0.09866427657646432,0.0013111111111111112,0.6574058594673278,-0.5087912474077712,4.811443774262574e-05,1.7951063725846277,-1.2242356878135266e-05,first,1,value_max,-1,2,-1,4,8,424008,1,0
3197.51299082716,4095.3374974486724,0.7806019256155422,0.9999822485701644,0.9489458662329936,0.7028111111111112,0.09156741052347941,0.002088888888888889,0.6259407296064435,3.206409684539267,0.00010041882132851944,1.8978917320864088,3.929758659115982e-05,first,1,value_max,-1,2,-1,4,9,424009,1,0
3398.1835808722212,4024.3258999908617,0.8444627875070189,0.999997619147904,0.8690258890946707,0.7570555555555556,0.09416306471808833,0.0014333333333333333,0.6770827620169334,5.4569682106375694e-12,1.2447215161019455e-05,1.738051777841731,1.6033752451217847e-05,first,1,value_max,-1,2,-1,4,10,424010,1,0
3928.7679708328074,4583.570503472941,0.8572015646044943,0.9999989313105827,0.8553467344331458,0.7990666666666668,0.1011888142852613,0.0016111111111111113,0.6852938683064167,-2.2737367544323206e-12,8.691627492589873e-06,1.7106934685241528,2.2153062279393014e-05,first,1,value_max,-1,2,-1,4,11,424011,1,0
2789.2469060069025,3229.6540887688443,0.8636939406432645,1.0,0.8494466930225809,0.8679777777777778,0.08316836635473764,0.002466666666666667,0.6916747647270786,-2.7284841053187847e-12,9.933452076121817e-16,1.6988933857053832,-3.67602563487773e-05,first,1,value_max,-1,2,-1,4,12,424012,1,0
3057.287999217829,3591.99322279026,0.8512047650880243,0.9999992326725983,0.863820240523421,0.7782111111111111,0.08881461295548533,0.0016444444444444447,0.6821509306379551,6.821210263296962e-12,8.451007706711311e-06,1.727640480701314,-4.740747170733521e-06,first,1,value_max,-1,2,-1,4,13,424013,1,0
1870.2716299474964,2168.569613826394,0.8624924532237082,1.0,0.8518933171194253,0.8806555555555557,0.06781756746011004,0.0041444444444444445,0.6916512484191772,-1.5916157281026244e-12,1.006110210131289e-15,1.7037866338980932,1.7360349920714573e-05,first,1,value_max,-1,2,-1,4,14,424014,1,0
2920.6471246357905,3545.0033937454577,0.8239445824779561,0.9999985954034473,0.8935899129517807,0.7136111111111111,0.08672688588985203,0.001288888888888889,0.6614848334465658,-0.1897602135481975,1.0564217576394905e-05,1.7871798255461253,1.594224252215627e-05,first,1,value_max,-1,2,-1,4,15,424015,1,0
3442.767079724524,4050.1073110455454,0.8501017840046795,0.9999935130286937,0.8623113932518199,0.7762999999999999,0.09336316132259616,0.0018555555555555556,0.6813327597133909,-1.0459189070388675e-11,4.3326520906588864e-05,1.7246227861587153,5.187522862419648e-06,first,1,value_max,-1,2,-1,4,16,424016,1,0
2256.2169959790517,2619.2347607565143,0.8614644782362396,1.0,0.8544465463478242,0.8522444444444445,0.0743881386930166,0.0031111111111111114,0.6898880317866349,3.183231456205249e-12,9.536863833804514e-16,1.7088930923538699,-5.116889182552711e-05,first,1,value_max,-1,2,-1,4,17,424017,1,0
2886.7549551749635,3529.317040185862,0.817984111794119,0.9999924275277168,0.898344814701191,0.7076222222222223,0.08621531754241477,0.0016222222222222224,0.6581836838254216,0.47009335988695966,4.729510000072162e-05,1.796689629043044,-2.7689845802770834e-05,first,1,value_max,-1,2,-1,4,18,424018,1,0
2672.6959688863926,3089.643623827963,0.8651009833685077,1.0,0.8473044498132052,0.8849555555555556,0.08088779622195044,0.0026444444444444445,0.6931199263337863,5.002220859751105e-12,1.0743000145549887e-15,1.6946088992874886,-2.2897336896324714e-06,first,1,value_max,-1,2,-1,4,19,424019,1,0
3647.9372725897947,4391.674852605517,0.8307052140207377,0.9999920052012241,0.8805179833934007,0.7253555555555555,0.09926100617900051,0.0012555555555555558,0.6675272678589976,-7.73070496506989e-12,4.503503199890701e-05,1.7610359664345943,2.7715044533756475e-05,first,1,value_max,-1,2,-1,4,20,424020,1,0
2232.4058492845966,2590.9363545878864,0.8616708567915391,1.0,0.8520395102344002,0.8659333333333331,0.07496338070001096,0.003188888888888889,0.6909152258340941,1.8189894035458565e-12,1.0266298423945862e-15,1.7040790201279845,-3.6573950410331393e-06,first,1,value_max,-1,2,-1,4,21,424021,1,0
2957.5664085895205,3415.3711804787,0.8659979844607238,1.0,0.8471768636815944,0.8814777777777779,0.08577256869773708,0.0024555555555555554,0.6930429939412109,9.094947017729282e-13,1.0640279915670046e-15,1.694353727024318,1.3594447876098337e-05,first,1,value_max,-1,2,-1,4,22,424022,1,0
1921.4204149317825,2221.1446932419926,0.8650986488798449,1.0,0.8504313979408025,0.8996111111111111,0.06719578563213569,0.003866666666666667,0.6930368391405237,-6.821210263296962e-13,1.0273997277019379e-15,1.7008627955414324,-3.7116661743121574e-06,first,1,value_max,-1,2,-1,4,23,424023,1,0
2993.9524101516245,3734.215391879002,0.8017507233616842,0.9999954430536047,0.9234081865829034,0.6984333333333332,0.08821667230915496,0.002255555555555556,0.6430698024845098,-3.820067692664452,1.791595831199564e-05,1.8468163727964435,1.1007928264567126e-05,first,1,value_max,-1,2,-1,4,24,424024,1,0
6413.020170238495,4377.870625551921,1.0249875965804442,0.9999903572728316,1.5490858573331445,0.5946555555555555,0.13693200953603676,0.0005888888888888889,1.3508540305069678,27.80664814830925,2.3208560519619108e-05,2.065447809502133,0.00010401793670247515,first,1,value_max,-1,4,1,5,0,425000,1,0
4859.121880313414,3237.931322237256,1.0012867685743032,0.9999884467602729,1.4980916926632362,0.6150111111111111,0.11527998070348189,0.0008222222222222223,1.3710781633406892,39.113046037852655,3.2364635252042305e-05,1.9974555899513209,9.383373280208684e-06,first,1,value_max,-1,4,1,5,1,425001,1,0
6635.520562135272,4592.7889371223055,1.0406436966022834,0.9999741694546287,1.5641565757803988,0.5822666666666666,0.13733362137223615,0.0006666666666666668,1.3421595092677163,44.45723432075738,6.0943069508224e-05,2.0855421007624595,5.717950222197894e-06,first,1,value_max,-1,4,1,5,2,425002,1,0
5729.188475487107,3832.23896814433,1.0646613862958672,0.9999854500305357,1.5214596960307116,0.6684444444444445,0.12853195363552838,0.000977777777777778,1.3639504407766734,42.58394316264821,4.655519481966016e-05,2.028612927770467,1.5121620725293548e-05,first,1,value_max,-1,4,1,5,3,425003,1,0
6319.45391275194,4218.049273288987,1.0359211997477322,0.9999880977799721,1.5069548349704776,0.6285555555555556,0.13266376300615604,0.0007666666666666667,1.3654484101355069,21.393940979177387,3.609361350145824e-05,2.009273113026067,-1.174055672368806e-05,first,1,value_max,-1,4,1,5,4,425004,1,0
5205.0973461743015,3485.422512358689,1.0228811181585253,0.999980012061856,1.5084663264100828,0.6122666666666666,0.1203153205960366,0.0010333333333333334,1.3665421545512892,31.405176937352735,5.543210487263397e-05,2.0112884349452718,2.401128235565877e-05,first,1,value_max,-1,4,1,5,5,425005,1,0
6635.204900057916,4424.095264654737,1.0695336558686386,0.9999783721476821,1.5102257681308187,0.6567222222222223,0.1389299820673591,0.0006222222222222224,1.3644808260528247,47.81024264601729,5.5520853284093445e-05,2.0136343572392734,-1.1126535897131658e-05,first,1,value_max,-1,4,1,5,6,425006,1,0
5778.486576110496,3869.906639327433,1.0210875202297116,0.9999814491975643,1.509058410957721,0.6102555555555556,0.12931284121905476,0.0009222222222222224,1.3647884287360883,56.58014743725471,6.0371905590220544e-05,2.0120778810086843,-6.449641633713351e-05,first,1,value_max,-1,4,1,5,7,425007,1,0
5807.046861959524,3888.0793872787203,1.0201273657492493,0.999989190043939,1.5012835858086693,0.6024222222222223,0.12806712010411467,0.0009000000000000002,1.3663340795780334,37.79312069479147,3.7170889519596813e-05,2.0017114474779976,1.985303283131462e-05,first,1,value_max,-1,4,1,5,8,425008,1,0
5310.470686279669,3624.526572459132,1.021872968414261,0.9999753961906533,1.5424499470904205,0.5866888888888888,0.12249432107304441,0.0009444444444444445,1.3540226032361877,38.139424680707634,7.723241650958832e-05,2.0565999291796806,-6.105446348669386e-05,first,1,value_max,-1,4,1,5,9,425009,1,0
6644.910440680623,4620.615399089207,1.0400829722194382,0.9999817414721139,1.5705858833237178,0.5831999999999999,0.13871687597478313,0.001066666666666667,1.3393947289860073,46.333574811352264,6.567182821804398e-05,2.0941145108190753,-4.906721496580167e-05,first,1,value_max,-1,4,1,5,10,425010,1,0
5658.138846638388,3900.6911233410983,1.0060023974397911,0.9999829798997508,1.5416487688823164,0.5516222222222222,0.12615160522900956,0.0008111111111111112,1.3492662779651028,42.8944779389285,4.441647967668315e-05,2.0555316915690174,6.663383990451953e-06,first,1,value_max,-1,4,1,5,11,425011,1,0
7017.934692031034,4738.724273537436,1.0507956442579336,0.9999798834905069,1.5354697979887764,0.6187,0.15161399733322,0.0006888888888888888,1.353917031600205,50.27180979996865,4.6458757427207e-05,2.0472930637120625,-8.261696967652203e-05,first,1,value_max,-1,4,1,5,12,425012,1,0
7009.764912099661,4620.30114457629,1.0649440660436988,0.9999849373257097,1.4839586625233046,0.6533333333333333,0.14529717210049486,0.0011444444444444445,1.3716230524421602,39.77060488492407,8.063787857459989e-05,1.9786115497672578,-8.735378810444325e-05,first,1,value_max,-1,4,1,5,13,425013,1,0
7279.288177753508,4843.441792756619,1.0443866146632994,0.9999721139060584,1.497925606739542,0.6234777777777778,0.14984076702162397,0.0007444444444444445,1.36491412875907,47.40528841343257,8.163643206518116e-05,1.9972341420530912,-7.330711953357239e-05,first,1,value_max,-1,4,1,5,14,425014,1,0
5423.351426105194,3609.258147705804,1.0531922936561084,0.99999006700589,1.509420838102251,0.67,0.12633065053891473,0.0009555555555555555,1.3683792259471372,40.97428552781366,2.9544948693169572e-05,2.0125611172013262,1.4257858793241081e-05,first,1,value_max,-1,4,1,5,15,425015,1,0
4982.089825307382,3479.503505985053,0.9716217958824049,0.9999773245086636,1.5574636541716436,0.5105,0.11654597466396925,0.0009444444444444445,1.3445968270266897,57.176605227327855,6.167093155256974e-05,2.076618205285309,-6.313670603434842e-05,first,1,value_max,-1,4,1,5,16,425016,1,0
6581.855661349117,4383.642423973829,1.0054832781279477,0.9999845867800199,1.4915702186544093,0.5826888888888888,0.14022791246331856,0.001088888888888889,1.3675095627907201,46.986404424968896,6.422328486977313e-05,1.9887602912740443,2.4991174410583308e-05,first,1,value_max,-1,4,1,5,17,425017,1,0
4994.885989795011,3380.4187461302854,1.0178325134605672,0.9999770843816489,1.5172262284526434,0.5927777777777777,0.11901929957979246,0.0007777777777777778,1.3620344965051876,52.16313211572378,8.604097891211356e-05,2.0229683043337956,8.217143515822312e-05,first,1,value_max,-1,4,1,5,18,425018,1,0
5527.891129494087,3672.3103347949445,1.0051497501015427,0.9999743913572394,1.4914482260625905,0.608811111111111,0.12783224132618506,0.0008222222222222223,1.370924451445987,44.087513767832206,6.17012182538203e-05,1.9885976344849743,9.492177357119326e-07,first,1,value_max,-1,4,1,5,19,425019,1,0
4529.645150377922,2956.2184465573146,1.0314839495541728,0.9999858318581744,1.4736163495424468,0.7425222222222222,0.11208473980845006,0.0009666666666666669,1.3835207356758608,50.106600631799665,4.813063705966851e-05,1.9648217991279529,3.4871525303499245e-05,first,1,value_max,-1,4,1,5,20,425020,1,0
7554.013129423332,4917.637158934689,1.0417157578761498,0.9999863041665455,1.4615659018865266,0.6513333333333333,0.1519595282394815,0.0008222222222222223,1.377823706379109,41.32851147270776,6.644495856302957e-05,1.9487545355888682,-3.6678363915682607e-06,first,1,value_max,-1,4,1,5,21,425021,1,0
7473.305666666708,4878.288773878136,1.0363957618577135,0.9999857373016295,1.4663784412123224,0.6401333333333333,0.15067817757697738,0.0006666666666666668,1.3761949761376568,30.680701905665956,4.976770700287552e-05,1.9551712546890736,3.6300659745077554e-05,first,1,value_max,-1,4,1,5,22,425022,1,0
5787.836940467697,3965.214838382453,1.0144901171702725,0.9999828034266165,1.552257767026342,0.5859111111111112,0.12769761547102945,0.0008555555555555557,1.3504993083119663,51.2030071449708,5.441400123742252e-05,2.0696770224258323,-9.303387085446894e-05,first,1,value_max,-1,4,1,5,23,425023,1,0
4907.040011860006,3371.392670426744,0.9747906731257093,0.9999775910802211,1.5340656280162284,0.5272222222222223,0.1153937771633521,0.0011777777777777778,1.3540591814225258,49.43422572622694,0.00011324050204401443,2.0454208370822484,5.4460795779970474e-05,first,1,value_max,-1,4,1,5,24,425024,1,0
2458.1938918055353,2929.4197055477916,0.841520482764594,0.996615719856131,0.8703021175221826,0.7684666666666666,0.16380044165895535,0.003633333333333334,0.678878178671826,161.0478810360578,0.004035628758727092,1.7406042346962443,1.638221677983702e-05,first,1,utility_max,1,2,-1,6,0,426000,1,1
2833.47389932902,3393.6397738889914,0.8388689361680302,0.9942907992366963,0.8685074462408233,0.7647444444444446,0.18521067607286007,0.0028555555555555556,0.6778256443502777,124.07926543203666,0.006138910103779247,1.7370148921342436,6.659384639265299e-06,first,1,utility_max,1,2,-1,6,1,426001,1,1
2083.9974981035875,2411.3123466584916,0.864363830615464,0.9999222943090066,0.8555771157049754,0.9425444444444445,0.13483823399875014,0.006800000000000001,0.6928272267528783,116.93529634654897,0.0004328547869840707,1.71115423106772,-1.255416728382586e-05,first,1,utility_max,1,2,-1,6,2,426002,1,1
2747.125597087464,4165.890681069342,0.7512429458289391,0.7987657101475821,0.7998307024791659,0.793,0.09975038117586527,0.0,0.5417663716381881,78.98531608737812,0.007090212777913827,1.5996614046383995,1.3712180559839617e-05,first,1,utility_max,1,2,-1,6,3,426003,1,1
2909.0812455323266,3378.610394041872,0.8611110147155651,0.9999707724349288,0.8542544714527296,0.9502222222222222,0.17342136381993373,0.0036555555555555556,0.6930675364508068,106.24696288432551,0.0001451174909193773,1.7085089425637574,3.102797816642728e-05,first,1,utility_max,1,2,-1,6,4,426004,1,1
3379.251834814561,3934.392707841367,0.8589798227599762,0.9999700239846873,0.8569565116464963,0.8786333333333335,0.193014932934745,0.005644444444444444,0.690710715890568,124.44918471242136,0.00024178370768026505,1.71391302295021,-1.3848340109871237e-05,first,1,utility_max,1,2,-1,6,5,426005,1,1
4015.3399645231375,4689.983026277199,0.8562408639159615,0.9999449948003759,0.8570199571457556,0.8669555555555554,0.218943893191524,0.004422222222222222,0.6898900931897325,117.85946159579544,0.000245644698982022,1.7140399139487033,-2.0936324601235838e-05,first,1,utility_max,1,2,-1,6,6,426006,1,1
2359.4816201282,2784.7109384913497,0.8480522942467563,0.9989963854091664,0.8697623888803844,0.773788888888889,0.18070787767295024,0.007966666666666667,0.6806555523223169,133.68831360892636,0.0027542495036963115,1.7395247774128637,3.792250662210387e-06,first,1,utility_max,1,2,-1,6,7,426007,1,1
3832.2134966699173,4463.418188994151,0.8586575712563901,0.9999762108867097,0.8619494936183042,0.8376666666666668,0.22359782595473912,0.007533333333333334,0.6881715262438002,138.03546273087568,0.00024939381032341204,1.7238989868918286,6.896736369053085e-06,first,1,utility_max,1,2,-1,6,8,426008,1,1
2930.857134778949,3468.885571273371,0.8455990398192894,0.9990720745659141,0.8709450588675308,0.7705222222222223,0.19386285521964391,0.006266666666666667,0.6802809168000625,166.35620446661778,0.001861334405714515,1.7418901173866836,4.924227288904657e-05,first,1,utility_max,1,2,-1,6,9,426009,1,1
2961.1133765122904,4017.310195771885,0.7965512761822013,0.8927996947354052,0.8272099036210168,0.7534666666666668,0.14892933846819417,0.0,0.6238182105949035,26.601179910153405,0.008271006419018123,1.6544198069111495,-1.6016591579467192e-06,first,1,utility_max,1,2,-1,6,10,426010,1,1
4118.681052370407,4772.038113170072,0.8631180114570438,1.0,0.8545113348300578,0.9266333333333334,0.22728629160653221,0.006277777777777779,0.6926731550904122,121.54289896120099,9.480777401351207e-16,1.709022669318311,-6.574505244392592e-06,first,1,utility_max,1,2,-1,6,11,426011,1,1
2856.2055357014556,4135.442267063854,0.7704948890310961,0.8386044092793798,0.8099498320076421,0.7718111111111112,0.12755666677288044,0.0,0.5795510825419392,59.70535410192679,0.007994314496485466,1.6198996636913043,3.0448549184699898e-06,first,1,utility_max,1,2,-1,6,12,426012,1,1
3036.8953847103635,3560.4638581084055,0.8531151220751868,0.9998334179139824,0.8675250559583985,0.7874444444444445,0.2081067430783009,0.008977777777777779,0.6831039772325049,145.63291076210726,0.0007075228246972685,1.735050111569787,-3.25618441583533e-05,first,1,utility_max,1,2,-1,6,13,426013,1,1
4177.187615651013,4854.753830304486,0.8605107572550785,0.9999621589862062,0.8564408026662174,0.8983222222222222,0.22542460956319338,0.004577777777777778,0.6915642451291621,113.3334303288375,0.00021014359726561442,1.7128816049898583,-2.191145359322343e-05,first,1,utility_max,1,2,-1,6,14,426014,1,1
2223.1918796358786,2804.9116579608194,0.8227079200074214,0.951726203801922,0.848822046915804,0.7480666666666665,0.1658418180017159,0.0,0.6599160705228571,106.0600410146385,0.008400846396718713,1.6976440934920791,-4.2427398571078315e-05,first,1,utility_max,1,2,-1,6,15,426015,1,1
3398.365825009152,3945.5270730253906,0.8613841827707056,0.9999731333369207,0.8549900155979175,0.9246222222222221,0.19786102933295224,0.004077777777777777,0.6924529781315404,130.82735746905655,0.00016527996542818027,1.709980030853839,-4.590064951937485e-05,first,1,utility_max,1,2,-1,6,16,426016,1,1
2591.006075664037,3047.408885019687,0.8507465042260792,0.999327399960535,0.8694449895427376,0.7736222222222223,0.19138151335926692,0.008566666666666667,0.6811826310978367,123.96196807703609,0.0017607136295260818,1.7388899787376972,-9.501271229431075e-06,first,1,utility_max,1,2,-1,6,17,426017,1,1
3398.477055585329,3967.4379887105256,0.8566912449301514,0.9999310741798174,0.8598712887260637,0.8365888888888888,0.2064931354914864,0.00668888888888889,0.688100794882568,126.96270286437993,0.0004186209109376334,1.7197425771081787,5.73211146033729e-07,first,1,utility_max,1,2,-1,6,18,426018,1,1
2975.14031389062,3490.791877546087,0.8523844353003325,0.9999254636261599,0.8626855201345559,0.8175333333333333,0.19928749776731705,0.0051444444444444445,0.6859488779467208,115.26401578184141,0.00045274867658517997,1.7253710399240376,-3.3221744441262784e-05,first,1,utility_max,1,2,-1,6,19,426019,1,1
2060.4420841855267,2412.397514429075,0.8543624210467327,0.9997021881929423,0.8699172017743567,0.7804555555555556,0.1518795655909462,0.0108,0.6826553479699236,121.45246289413308,0.0012980517743414544,1.7398344032007464,-1.0323972649669034e-05,first,1,utility_max,1,2,-1,6,20,426020,1,1
3304.4937962254476,4467.025365175494,0.7981899840350073,0.894970285727392,0.8286039578817876,0.7523333333333333,0.16157270382437627,0.0,0.6250382952131168,63.56937694322232,0.007881982185995813,1.6572079154321337,-6.0178425600418276e-05,first,1,utility_max,1,2,-1,6,21,426021,1,1
2120.357833102287,2461.776650495047,0.8613433848179679,1.0,0.8574478050018126,0.8829777777777779,0.14006572982720125,0.0068222222222222234,0.6906573617217474,118.47528341106977,9.747190610935255e-16,1.714895609660646,-5.931465257074296e-07,first,1,utility_max,1,2,-1,6,22,426022,1,1
2603.8022040172473,3024.456820791573,0.8609691800987599,0.9999848455558208,0.8582422702716863,0.8948111111111111,0.1644015847260307,0.005422222222222222,0.6910847483763917,79.10404026574815,8.721058750237436e-05,1.7164845402000757,2.7357780514329332e-05,first,1,utility_max,1,2,-1,6,23,426023,1,1
2822.4648784572855,3284.085552200214,0.8595082475485384,0.9999676866993022,0.855147967207385,0.902188888888889,0.1752699536219869,0.003477777777777778,0.6915548666342852,120.14933872223082,0.00012897151956671617,1.7102959340727106,1.7694620626971263e-05,first,1,utility_max,1,2,-1,6,24,426024,1,1
4436.174069164131,5054.929385342257,0.9138217975524501,0.5237018381829595,0.9341237060523752,0.8772,0.13634912085426845,0.0,0.8203619392692885,140.48719350976899,0.0030258056578694923,1.2454982745704337,-1.3513650605218809e-05,first,1,utility_max,1,4,1,7,0,427000,1,1
4168.04642988155,4168.521031649144,1.0000000008522296,0.6631328217265605,0.9998874512382461,0.9999555555555557,0.12666158283129028,0.0,1.3649947883450324,107.2383232072466,0.007325963662063955,1.3331832681399036,-1.429602757363946e-08,first,1,utility_max,1,4,1,7,1,427001,1,1
3241.506153504905,3630.274196701622,0.9234919096511472,0.5818299052974474,0.9491223484177586,0.7816777777777779,0.12964335521612608,0.0,1.1837200591183397,23.164674466413544,0.00773492030689317,1.2654964643882785,-1.7170328875194218e-05,first,1,utility_max,1,4,1,7,2,427002,1,1
4887.196740663611,4906.427241399097,0.9968906417829263,0.6451615758504397,0.989027534471008,0.9691333333333333,0.25872178112824024,0.0,1.2701777922315876,168.43636042138678,0.0068823951155216785,1.3187033791188503,-3.378663918429058e-05,first,1,utility_max,1,4,1,7,3,427003,1,1
3549.7523385397612,4332.325860216326,0.87410867145657,0.54075084616292,0.9310381054458343,0.7321888888888888,0.09510951479690818,0.0,1.116327273434882,73.2071958367419,0.007924068609570628,1.2413841404289279,-1.9927779792891792e-05,first,1,utility_max,1,4,1,7,4,427004,1,1
4947.798473118483,5019.392391599024,0.9891138423119598,0.6275226755632421,0.9854167356228193,0.9497555555555555,0.22308492478460937,0.0,1.1519517331979763,159.44375034742643,0.007371900773077878,1.3138889806552405,-1.9160551042187177e-05,first,1,utility_max,1,4,1,7,5,427005,1,1
4844.585682310003,4847.143634654453,0.9995809436465459,0.6500703439167607,0.9981190447018796,0.995511111111111,0.20751877411247813,0.0,1.2613080780858854,150.0528674115276,0.00662295855572903,1.3308253927583962,-3.8031618897368824e-07,first,1,utility_max,1,4,1,7,6,427006,1,1
4543.700399742683,4748.694746989653,0.9682279611396306,0.5997072886877534,0.972598290663629,0.8927333333333334,0.20952148065161483,0.0,1.054975012746556,123.84496710364147,0.007381432009132416,1.2967977207119323,-3.487350535980298e-05,first,1,utility_max,1,4,1,7,7,427007,1,1
4062.9915555291154,4602.967221905796,0.9169946836625654,0.5664994834643264,0.946723793560659,0.7754222222222222,0.1440838552032433,0.0,1.0921373474747673,137.6344133514085,0.007956449993921741,1.2622983912459056,-1.44841676301408e-05,first,1,utility_max,1,4,1,7,8,427008,1,1
5160.933137508699,5171.826835447091,0.9981912203381127,0.646826296735646,0.9937391118860571,0.9838333333333332,0.22872836695807885,0.0,1.2495265179379043,252.2462044115873,0.0066053221560826506,1.324985482338078,3.495827034681684e-05,first,1,utility_max,1,4,1,7,9,427009,1,1
4378.9618567223215,4949.277472649267,0.9168786692837947,0.5329196709743219,0.9382291289513227,0.8589777777777778,0.14488309934352261,0.0,0.8603155249765595,96.89478385338134,0.003995992423567749,1.2509721717683007,2.715346634469996e-07,first,1,utility_max,1,4,1,7,10,427010,1,1
4581.2304356877,4870.1276108272305,0.9577001293446245,0.5800421872258227,0.9608012798831511,0.8903222222222221,0.19693378241938872,0.0,0.9958530932869843,191.24336907963698,0.006073095697064948,1.2810683730067256,-3.782927800517847e-05,first,1,utility_max,1,4,1,7,11,427011,1,1
3382.991473898137,3968.792782377231,0.8956280137006435,0.5526990618536387,0.9389731308304713,0.7509999999999999,0.10743250885008478,0.0,1.0845487130226574,189.25504461947912,0.007991528776272294,1.2519641742736998,-1.3299139188737002e-05,first,1,utility_max,1,4,1,7,12,427012,1,1
3433.977645771404,4021.2457505811944,0.8974802165606758,0.5524432907530824,0.939428500652859,0.7526777777777779,0.11065504233804643,0.0,1.080077038047785,109.52726233808062,0.007740673394865596,1.2525713340368025,-2.633214777449282e-05,first,1,utility_max,1,4,1,7,13,427013,1,1
4393.3331881315735,4581.790070169136,0.9694407706410905,0.6092095818913987,0.9730081952202043,0.890911111111111,0.19871054425466883,0.0,1.1308908248135454,186.099995947332,0.00775947039240584,1.2973442601206264,-5.4291434490467794e-05,first,1,utility_max,1,4,1,7,14,427014,1,1
2698.175790855253,2837.6910354938877,0.9642996168084033,0.622668069082714,0.9689924504618386,0.8732666666666667,0.1194461935469712,0.0,1.278263272634095,115.33880542835641,0.008622501225470893,1.2919899337768528,-5.844441401907992e-05,first,1,utility_max,1,4,1,7,15,427015,1,1
4785.319931918265,4898.93952767691,0.9825121971564599,0.6129817280920554,0.9773525056359391,0.9298777777777778,0.24503592019906154,0.0,1.1039338116557846,192.3746836086675,0.005946698724615955,1.3031366740075006,-1.7611231935598668e-05,first,1,utility_max,1,4,1,7,16,427016,1,1
4321.400929629163,4516.497957598782,0.9677445016985852,0.6193058531711175,0.9726188269576113,0.8864555555555557,0.18118819969093433,0.0,1.2220310146837838,92.36304693740203,0.007387198835498186,1.2968251024372384,-1.6453335720905418e-05,first,1,utility_max,1,4,1,7,17,427017,1,1
4187.34299851772,4264.640220349111,0.9863984099581964,0.6206643808920678,0.9821811028522813,0.9378444444444445,0.23533217038871349,0.0,1.1303805067216106,249.84965883449695,0.008355717962276885,1.3095748036284318,-2.5920528177408998e-05,first,1,utility_max,1,4,1,7,18,427018,1,1
5023.95561185272,5118.4646362273625,0.9862982931568612,0.6353973757425717,0.9847199067102923,0.942211111111111,0.21591302444968777,0.0,1.2425225618053448,70.43577040245145,0.007961005388907106,1.3129598754386618,-8.957317561934256e-07,first,1,utility_max,1,4,1,7,19,427019,1,1
4809.283945175138,5055.378601692638,0.9645925690263525,0.6070325987857201,0.9706802012160589,0.8805000000000001,0.20112359388548634,0.0,1.1417779743857441,173.99518300593354,0.007340159526463469,1.2942402681155132,-4.214256406846767e-05,first,1,utility_max,1,4,1,7,20,427020,1,1
4013.6246500781667,4232.5626309996,0.9620546314458223,0.5996429813926827,0.969040493048036,0.8736444444444444,0.1835765479557923,0.0,1.0994380738095655,149.74629353029377,0.006737079579724784,1.2920539905584407,-4.1001792313257215e-05,first,1,utility_max,1,4,1,7,21,427021,1,1
4179.9756035648525,4636.055537765411,0.9294144385560196,0.5775351300105449,0.9533068940657413,0.8006333333333335,0.1477481950278012,0.0,1.1040255800034413,109.59863246537907,0.008607203524453894,1.271075858584845,-9.806835699925738e-06,first,1,utility_max,1,4,1,7,22,427022,1,1
3201.4601405506514,3202.3446609618118,0.9997279176994099,0.6553973501564386,0.9977553300485419,0.9950222222222223,0.120876027618048,0.0,1.3094917333370306,107.17630523001435,0.006877166793742645,1.3303404398873437,2.766343485072121e-05,first,1,utility_max,1,4,1,7,23,427023,1,1
3109.6456347565536,3358.5589794581906,0.9460136628667433,0.6031836134297326,0.9618589965164108,0.8337888888888887,0.10371958718628616,0.0,1.217395014488213,106.05031844361383,0.008650848009127738,1.2824786618508839,7.740951377486098e-07,first,1,utility_max,1,4,1,7,24,427024,1,1
