avg_rev_last_1000,avg_rev_all,time_to_converge,avg_regret_seller,no_sale_rate,price_volatility,winner_entropy,excess_regret,theoretical_revenue_discrete,discretization_gap,auction_type,auction_type_coded,n_bidders,n_bidders_coded,reserve_price,reserve_price_coded,exploration_intensity,exploration_intensity_coded,context_richness,context_richness_coded,eta,eta_linear_coded,eta_quadratic_coded,cell_id,replicate,seed,auction_type_code,theoretical_revenue,ratio_to_theory
0.5448,0.557457,6000,0.4425429999999999,0.01001,0.11147855280984008,0.6891560758530415,-0.7097504103338217,0.318643,0.014690333333333305,second,-1,2,-1,0.0,-1,low,-1,minimal,-1,0.0,-1,1,0,0,420000,0,0.33229371938198027,1.6395133829590627
0.5293,0.5176020000000001,51000,0.4823979999999999,0.0,0.1215962736887936,0.6794589061447323,-0.6574810546752676,0.31934,0.013993333333333302,second,-1,2,-1,0.0,-1,low,-1,rich,1,0.0,-1,1,1,0,420001,0,0.33229371938198027,1.5928679030841262
0.4656,0.45818400000000004,58000,0.541816,0.0,0.16962910820669902,0.6632356922984798,-0.4715782487081024,0.316395,0.016938333333333333,second,-1,2,-1,0.0,-1,high,1,minimal,-1,0.0,-1,1,2,0,420002,0,0.33229371938198027,1.4011700277271286
0.32920000000000005,0.327197,93000,0.6728029999999999,0.0,0.2596608300668393,0.6930346763388155,-0.030205164795273465,0.319548,0.013785333333333316,second,-1,2,-1,0.0,-1,high,1,rich,1,0.0,-1,1,3,0,420003,0,0.33229371938198027,0.9906898048276864
0.3018,0.32734100000000005,97000,0.6726589999999999,0.0,0.2530524834397007,0.693135467712215,0.04943684329881315,0.317496,0.015837333333333314,second,-1,2,-1,0.3,1,low,-1,minimal,-1,0.0,-1,1,4,0,420004,0,0.33229371938198027,0.9082326339519919
0.5453,0.5306960000000001,29000,0.46930399999999994,0.01329,0.1317226099669322,0.690919969918137,-0.711835302168911,0.31854699999999997,0.014786333333333346,second,-1,2,-1,0.3,1,low,-1,rich,1,0.0,-1,1,5,0,420005,0,0.33229371938198027,1.6410180758582544
0.3805,0.3929349999999999,3000,0.607065,0.09793,0.20748513937922566,0.6931351219070337,-0.1953455349681763,0.31831800000000005,0.01501533333333327,second,-1,2,-1,0.3,1,high,1,minimal,-1,0.0,-1,1,6,0,420006,0,0.33229371938198027,1.1450712962847347
0.3801999999999999,0.38589099999999993,5000,0.614109,0.09615,0.20598954590989277,0.6930638256725237,-0.19393798556723008,0.31844200000000006,0.014891333333333256,second,-1,2,-1,0.3,1,high,1,rich,1,0.0,-1,1,7,0,420007,0,0.33229371938198027,1.1441684805452195
0.6975999999999999,0.69588,3000,0.30411999999999983,0.0,0.038800755546767374,1.386243169584466,-0.14574779095358537,0.60886,-0.008859999999999979,second,-1,4,1,0.0,-1,low,-1,minimal,-1,0.0,-1,1,8,0,420008,0,0.5996705646393149,1.1633053898845056
0.7041000000000002,0.6925140000000001,8000,0.30748600000000004,0.0,0.08485164686085946,1.3862610704591425,-0.1568623907174982,0.608629,-0.008628999999999998,second,-1,4,1,0.0,-1,low,-1,rich,1,0.0,-1,1,9,0,420009,0,0.5996705646393149,1.174144674623969
0.7941000000000001,0.7638689999999999,25000,0.23613099999999995,0.0,0.058679605988793064,1.3862034712929945,-0.2999237168553015,0.6108819999999999,-0.010881999999999947,second,-1,4,1,0.0,-1,high,1,minimal,-1,0.0,-1,1,10,0,420010,0,0.5996705646393149,1.3242270787088393
0.6938,0.69106,5000,0.3089399999999999,0.00037,0.06801648578100415,1.3813245721078258,-0.1368757056314509,0.6102690000000001,-0.010269000000000084,second,-1,4,1,0.0,-1,high,1,rich,1,0.0,-1,1,11,0,420011,0,0.5996705646393149,1.156968577267589
0.6438000000000001,0.6244540000000001,34000,0.37554599999999994,0.0,0.17000856484012797,1.3859781125913675,-0.05563134559382976,0.609872,-0.009871999999999992,second,-1,4,1,0.3,1,low,-1,minimal,-1,0.0,-1,1,12,0,420012,0,0.5996705646393149,1.073589463887106
0.49829999999999997,0.49993,4000,0.50007,0.0,0.05942217683659865,0.6928958312984227,-0.47935933023587207,0.336835,-0.0035016666666666807,second,-1,4,1,0.3,1,low,-1,rich,1,0.0,-1,1,13,0,420013,0,0.5996705646393149,0.8309562439498985
0.6533000000000002,0.6546230000000001,9000,0.345377,0.00965,0.1397521579317009,1.386067341323756,-0.07305583569581953,0.608822,-0.008821999999999997,second,-1,4,1,0.3,1,high,1,minimal,-1,0.0,-1,1,14,0,420014,0,0.5996705646393149,1.0894314954293978
0.6862999999999999,0.6727010000000001,11000,0.3272989999999999,0.00129,0.09677463954346996,1.3859864980117882,-0.12153900710378829,0.611927,-0.011927000000000021,second,-1,4,1,0.3,1,high,1,rich,1,0.0,-1,1,15,0,420015,0,0.5996705646393149,1.1444617102605164
0.311,0.32536200000000004,32000,0.6746379999999998,0.0,0.1288144749474996,0.6931223995532454,0.07429455887605663,0.33596,-0.002626666666666666,first,1,2,-1,0.0,-1,low,-1,minimal,-1,0.0,-1,1,16,0,420016,1,0.3322583823724506,0.9360185220289773
0.4991999999999999,0.488369,28000,0.511631,0.0,0.09419246168882095,0.6930965779043967,-0.4829822440206881,0.33661899999999995,-0.003285666666666631,first,1,2,-1,0.0,-1,low,-1,rich,1,0.0,-1,1,17,0,420017,1,0.3322583823724506,1.502445164620146
0.6286000000000002,0.616969,12000,0.383031,0.00831,0.17162308531954112,1.3862640614780055,-0.029636023829374913,0.610507,-0.010507000000000044,first,1,2,-1,0.0,-1,high,1,minimal,-1,0.0,-1,1,18,0,420018,1,0.3322583823724506,1.891901102724808
0.5022,0.50564,1000,0.49436,0.00896,0.03619667186599369,0.6927950123714599,-0.495021061875772,0.335915,-0.0025816666666667043,first,1,2,-1,0.0,-1,high,1,rich,1,0.0,-1,1,19,0,420019,1,0.3322583823724506,1.5114742821959883
0.32670000000000005,0.335842,25000,0.6641579999999999,0.0,0.1445882119538104,0.6931407005439485,0.028453495426267073,0.336268,-0.0029346666666666965,first,1,2,-1,0.3,1,low,-1,minimal,-1,0.0,-1,1,20,0,420020,1,0.3322583823724506,0.9832709040092183
0.36889999999999995,0.373167,13000,0.626833,0.11385,0.08734898524889258,0.6929884199458058,-0.09466200196439734,0.336999,-0.003665666666666678,first,1,2,-1,0.3,1,low,-1,rich,1,0.0,-1,1,21,0,420021,1,0.3322583823724506,1.110280491242732
0.5103,0.510698,2000,0.48930199999999996,0.01343,0.06725704870259987,0.6931067632591676,-0.5171335303456432,0.33635800000000005,-0.003024666666666731,first,1,2,-1,0.3,1,high,1,minimal,-1,0.0,-1,1,22,0,420022,1,0.3322583823724506,1.5358528996507623
0.3693,0.36948400000000003,15000,0.630516,0.13175,0.10353717349305042,0.6929681276126683,-0.09698825779966658,0.33664900000000003,-0.0033156666666667167,first,1,2,-1,0.3,1,high,1,rich,1,0.0,-1,1,23,0,420023,1,0.3322583823724506,1.111484373586178
0.6019999999999999,0.6054280000000001,2000,0.394572,0.0,0.033566900601634336,1.3859339000756616,0.05353650330476134,0.636052,-0.03605199999999997,first,1,4,1,0.0,-1,low,-1,minimal,-1,0.0,-1,1,24,0,420024,1,0.6003292315072996,1.0027830870212755
0.6078,0.612354,3000,0.38764599999999994,0.0,0.07264556892199275,1.3857479031076398,0.04555968549637035,0.6368130000000001,-0.036813000000000096,first,1,4,1,0.0,-1,low,-1,rich,1,0.0,-1,1,25,0,420025,1,0.6003292315072996,1.012444452311514
0.6021,0.6040150000000001,4000,0.3959849999999999,0.0,0.1384347491600285,1.3859018443967526,0.053728899065987434,0.6362869999999999,-0.03628699999999996,first,1,4,1,0.0,-1,high,1,minimal,-1,0.0,-1,1,26,0,420026,1,0.6003292315072996,1.0029496622849006
0.6013999999999998,0.6045389999999999,1000,0.3954609999999999,0.00028,0.030420339524743618,1.3861930644402705,0.05536942532093758,0.6366510000000001,-0.0366510000000001,first,1,4,1,0.0,-1,high,1,rich,1,0.0,-1,1,27,0,420027,1,0.6003292315072996,1.0017836354395266
0.5961000000000001,0.597686,5000,0.40231399999999995,0.0,0.1492462575879208,1.38628769341927,0.06200580640592901,0.635505,-0.03550500000000001,first,1,4,1,0.3,1,low,-1,minimal,-1,0.0,-1,1,28,0,420028,1,0.6003292315072996,0.9929551464674129
0.4427,0.45855000000000007,73000,0.5414499999999999,0.0,0.10621857614843083,0.5336457422095098,-0.3946206140489046,0.317434,0.01589933333333332,first,1,4,1,0.3,1,low,-1,rich,1,0.0,-1,1,29,0,420029,1,0.6003292315072996,0.7374286920669747
0.3315,0.329975,96000,0.670025,0.0,0.24712225993625098,0.6931412637462757,-0.04283979589910736,0.317882,0.015451333333333317,first,1,4,1,0.3,1,high,1,minimal,-1,0.0,-1,1,30,0,420030,1,0.6003292315072996,0.5521969989162009
0.6041,0.605863,1000,0.3941369999999999,0.01912,0.12082325473612536,1.3860090941046117,0.04916603314461454,0.6353369999999999,-0.03533699999999995,first,1,4,1,0.3,1,high,1,rich,1,0.0,-1,1,31,0,420031,1,0.6003292315072996,1.0062811675573964
0.6078,0.615705,3000,0.38429499999999994,0.00223,0.06932029135954162,1.3861183465617253,0.04525533686244321,0.63661,-0.03661000000000003,second,-1,2,-1,0.0,-1,low,-1,minimal,-1,0.5,0,-2,32,0,420032,0,0.33256095706280475,1.8276348654036856
0.6034,0.6006630000000001,5000,0.399337,0.02068,0.13468548575815467,1.3862374467456486,0.05016914041409093,0.635271,-0.03527100000000005,second,-1,2,-1,0.0,-1,low,-1,rich,1,0.5,0,-2,33,0,420033,0,0.33256095706280475,1.8144042082668377
0.45830000000000004,0.43590400000000007,59000,0.5640959999999999,0.0,0.16577944979701192,0.6902365617595394,-0.43189664599378275,0.320065,0.013268333333333326,second,-1,2,-1,0.0,-1,high,1,minimal,-1,0.5,0,-2,34,0,420034,0,0.33256095706280475,1.3780932195039637
0.5350999999999999,0.542463,16000,0.45753699999999997,0.01021,0.09216884205313788,0.6706135469766461,-0.682905504431347,0.31796199999999997,0.015371333333333348,second,-1,2,-1,0.0,-1,high,1,rich,1,0.5,0,-2,35,0,420035,0,0.33256095706280475,1.609028325892583
0.31639999999999996,0.32674200000000003,77000,0.6732580000000001,0.0,0.246238889030551,0.6931226803578581,0.006662020205825847,0.318522,0.014811333333333287,second,-1,2,-1,0.3,1,low,-1,minimal,-1,0.5,0,-2,36,0,420036,0,0.33256095706280475,0.9514045268406154
0.37710000000000005,0.3823,10000,0.6177,0.1185,0.19800555982917595,0.6931448084842808,-0.18641241595852143,0.317849,0.015484333333333322,second,-1,2,-1,0.3,1,low,-1,rich,1,0.5,0,-2,37,0,420037,0,0.33256095706280475,1.133927455978496
0.5272,0.5058969999999999,42000,0.49410299999999996,0.01587,0.14246055525988344,0.6901693875165487,-0.6599809820084763,0.317594,0.015739333333333327,second,-1,2,-1,0.3,1,high,1,minimal,-1,0.5,0,-2,38,0,420038,0,0.33256095706280475,1.585273282396879
0.3775,0.380695,10000,0.619305,0.10245,0.20527327612520035,0.6931279245667017,-0.18651739073039164,0.31815800000000005,0.015175333333333263,second,-1,2,-1,0.3,1,high,1,rich,1,0.5,0,-2,39,0,420039,0,0.33256095706280475,1.1351302429909367
0.6958999999999999,0.69414,5000,0.30585999999999985,0.0,0.033164536239784805,1.38621799240383,-0.2704329951110509,0.547766,0.0022339999999999582,second,-1,4,1,0.0,-1,low,-1,minimal,-1,0.5,0,-2,40,0,420040,0,0.5490028336600213,1.2675708709200342
0.6948,0.678547,19000,0.3214529999999999,0.0,0.07493654392884688,1.3862061777298251,-0.26870509180217095,0.547645,0.002354999999999885,second,-1,4,1,0.0,-1,low,-1,rich,1,0.5,0,-2,41,0,420041,0,0.5490028336600213,1.265567238274522
0.7289000000000001,0.696147,23000,0.30385300000000004,0.0,0.08525355733926884,1.3861576963372113,-0.33123423622513215,0.5475369999999999,0.002462999999999993,second,-1,4,1,0.0,-1,high,1,minimal,-1,0.5,0,-2,42,0,420042,0,0.5490028336600213,1.3276798502854048
0.5869000000000001,0.5791370000000001,1000,0.4208629999999999,0.0,0.1711221931106541,1.3861955931147345,-0.07187341337531472,0.547546,0.002453999999999956,second,-1,4,1,0.0,-1,high,1,rich,1,0.5,0,-2,43,0,420043,0,0.5490028336600213,1.0690290905919935
0.6898999999999998,0.678736,8000,0.3212639999999999,0.00076,0.05146318362031054,1.3765454426860044,-0.2589393085049112,0.548001,0.001998999999999973,second,-1,4,1,0.3,1,low,-1,minimal,-1,0.5,0,-2,44,0,420044,0,0.5490028336600213,1.2566419655808758
0.4965,0.491797,8000,0.5082030000000001,0.0,0.05969766152036444,0.6931449755563246,-0.4764657602683511,0.33627599999999996,-0.002942666666666649,second,-1,4,1,0.3,1,low,-1,rich,1,0.5,0,-2,45,0,420045,0,0.5490028336600213,0.9043669168153428
0.31050000000000005,0.322423,10000,0.6775769999999999,0.0,0.12871639006358127,0.6931257946054918,0.07564801390844567,0.33591099999999996,-0.002577666666666645,second,-1,4,1,0.3,1,high,1,minimal,-1,0.5,0,-2,46,0,420046,0,0.5490028336600213,0.565570851301438
0.6727,0.6440710000000001,35000,0.35592899999999994,0.00215,0.09798696933675555,1.3860050583224184,-0.22648716354559983,0.548477,0.001522999999999941,second,-1,4,1,0.3,1,high,1,rich,1,0.5,0,-2,47,0,420047,0,0.5490028336600213,1.225312436941956
0.5987,0.6013029999999999,4000,0.39869699999999997,0.01238,0.11694177496816759,1.3862517790552213,-0.09132535786612794,0.5485990000000001,0.0014009999999998746,first,1,2,-1,0.0,-1,low,-1,minimal,-1,0.5,0,-2,48,0,420048,1,0.33370414435928303,1.7941041791659884
0.5809000000000001,0.573732,2000,0.426268,0.00962,0.16714909167081182,1.3862754516206297,-0.060619062660330014,0.547699,0.0023009999999998865,first,1,2,-1,0.0,-1,low,-1,rich,1,0.5,0,-2,49,0,420049,1,0.33370414435928303,1.7407635170828843
0.4844,0.4603540000000001,46000,0.539646,0.0,0.09783248276518387,0.6925484810680445,-0.43977267998644654,0.33644199999999996,-0.0031086666666666485,first,1,2,-1,0.0,-1,high,1,minimal,-1,0.5,0,-2,50,0,420050,1,0.33370414435928303,1.4515852085986385
0.32780000000000004,0.33574699999999996,15000,0.6642529999999999,0.0,0.14284415280647647,0.6931321652827924,0.02655734491882522,0.336743,-0.0034096666666666997,first,1,2,-1,0.0,-1,high,1,rich,1,0.5,0,-2,51,0,420051,1,0.33370414435928303,0.9823072489236865
0.5006,0.49651600000000007,3000,0.5034839999999999,0.00967,0.027739827375962818,0.6931414591808099,-0.48947312045511393,0.33609199999999995,-0.0027586666666666315,first,1,2,-1,0.3,1,low,-1,minimal,-1,0.5,0,-2,52,0,420052,1,0.33370414435928303,1.5001312044270818
0.3564,0.36092599999999997,2000,0.639074,0.13046,0.08490601638135563,0.693117139514285,-0.0598373964398502,0.336278,-0.0029446666666667065,first,1,2,-1,0.3,1,low,-1,rich,1,0.5,0,-2,53,0,420053,1,0.33370414435928303,1.0680119082257529
0.49589999999999995,0.490164,15000,0.509836,0.01575,0.06287816105184502,0.6929641657236298,-0.4746332745541755,0.33628699999999995,-0.0029536666666666322,first,1,2,-1,0.3,1,high,1,minimal,-1,0.5,0,-2,54,0,420054,1,0.33370414435928303,1.4860468723040148
0.355,0.365335,15000,0.6346649999999999,0.13728,0.10171657754576666,0.6931363242051061,-0.05488366564645042,0.33653,-0.003196666666666681,first,1,2,-1,0.3,1,high,1,rich,1,0.5,0,-2,55,0,420055,1,0.33370414435928303,1.0638165752529245
0.6004999999999999,0.597622,5000,0.4023779999999999,0.0,0.03355808570225663,1.3859515797037305,-0.04245328055967823,0.576045,-0.026045000000000096,first,1,4,1,0.0,-1,low,-1,minimal,-1,0.5,0,-2,56,0,420056,1,0.5502404083379122,1.0913411499782517
0.5875999999999999,0.579905,4000,0.420095,0.0,0.0805710306189514,1.3849201073254243,-0.018824675808808866,0.576743,-0.026743000000000072,first,1,4,1,0.0,-1,low,-1,rich,1,0.5,0,-2,57,0,420057,1,0.5502404083379122,1.0678968521685608
0.5350999999999999,0.538735,2000,0.461265,0.0,0.11674887483397861,1.3861873700395804,0.0709875900192366,0.5759879999999999,-0.02598800000000001,first,1,4,1,0.0,-1,high,1,minimal,-1,0.5,0,-2,58,0,420058,1,0.5502404083379122,0.9724840122453996
0.6000999999999999,0.5971859999999999,6000,0.40281399999999995,0.00072,0.030987309361044463,1.3850088950258312,-0.040702009954389995,0.57663,-0.026630000000000043,first,1,4,1,0.0,-1,high,1,rich,1,0.5,0,-2,59,0,420059,1,0.5502404083379122,1.0906141950074084
0.538,0.5468500000000001,7000,0.45314999999999994,0.0,0.13887360260323056,1.386145286877666,0.06645358209395491,0.576297,-0.026297000000000015,first,1,4,1,0.3,1,low,-1,minimal,-1,0.5,0,-2,60,0,420060,1,0.5502404083379122,0.9777544357840126
0.33890000000000003,0.399208,86000,0.600792,0.0,0.11159897239222233,0.4151241486294139,-0.06522750418044443,0.318148,0.015185333333333328,first,1,4,1,0.3,1,low,-1,rich,1,0.5,0,-2,61,0,420061,1,0.5502404083379122,0.6159125990468436
0.18590000000000004,0.27835200000000004,97000,0.7216480000000001,0.0,0.24482553801431742,0.6326312134304635,0.4171920507378366,0.318973,0.014360333333333308,first,1,4,1,0.3,1,high,1,minimal,-1,0.5,0,-2,62,0,420062,1,0.5502404083379122,0.3378523226993457
0.5923999999999999,0.583784,3000,0.416216,0.00296,0.07567574744203207,1.3856371826721743,-0.027797729961934525,0.5763780000000001,-0.026378000000000124,first,1,4,1,0.3,1,high,1,rich,1,0.5,0,-2,63,0,420063,1,0.5502404083379122,1.0766203118186783
0.5371,0.539551,8000,0.46044899999999994,0.02374,0.09841242277066768,1.3861411946883715,0.0681591849906138,0.576386,-0.02638600000000002,second,-1,2,-1,0.0,-1,low,-1,minimal,-1,1.0,1,1,64,0,420064,0,0.3344282251548949,1.6060247299737784
0.5422,0.549821,7000,0.45017899999999994,0.02524,0.12444907399841094,1.3862593596320711,0.05910689774251576,0.5762609999999999,-0.02626099999999998,second,-1,2,-1,0.0,-1,low,-1,rich,1,1.0,1,1,65,0,420065,0,0.3344282251548949,1.6212746389718538
0.4466,0.41372800000000004,45000,0.586272,0.0,0.1693777202556464,0.6925642974982535,-0.3997937607938644,0.31904699999999997,0.014286333333333345,second,-1,2,-1,0.0,-1,high,1,minimal,-1,1.0,1,1,66,0,420066,0,0.3344282251548949,1.3354135997138137
0.32670000000000005,0.331255,53000,0.668745,0.0,0.2403868627941219,0.6929922925610162,-0.027016151848755054,0.318106,0.015227333333333315,second,-1,2,-1,0.0,-1,high,1,rich,1,1.0,1,1,67,0,420067,0,0.3344282251548949,0.9768912293472974
0.4624,0.476211,10000,0.523789,0.01618,0.1611307790206896,0.46401238389301447,-0.45241183916674776,0.318367,0.014966333333333304,second,-1,2,-1,0.3,1,low,-1,minimal,-1,1.0,1,1,68,0,420068,0,0.3344282251548949,1.3826584158254982
0.3654,0.36511299999999997,25000,0.6348870000000001,0.14471,0.193683357951691,0.6877294088392408,-0.14719871905561743,0.318515,0.014818333333333322,second,-1,2,-1,0.3,1,low,-1,rich,1,1.0,1,1,69,0,420069,0,0.3344282251548949,1.092611127038575
0.49660000000000004,0.47824199999999994,31000,0.521758,0.0184,0.1408042788218087,0.6865510577357541,-0.5618365889941788,0.317959,0.015374333333333323,second,-1,2,-1,0.3,1,high,1,minimal,-1,1.0,1,1,70,0,420070,0,0.3344282251548949,1.4849225114596507
0.367,0.378275,35000,0.621725,0.10421,0.19925428494416655,0.6931049756104133,-0.1528844099870572,0.31833200000000006,0.015001333333333255,second,-1,2,-1,0.3,1,high,1,rich,1,1.0,1,1,71,0,420071,0,0.3344282251548949,1.0973954122144416
0.6991999999999998,0.6938690000000001,3000,0.3061309999999999,0.0,0.026402234280454368,1.3862865789034133,-0.36917630103079824,0.510672,-0.01067200000000007,second,-1,4,1,0.0,-1,low,-1,minimal,-1,1.0,1,1,72,0,420072,0,0.5001399864505998,1.3980085954776218
0.5961,0.589904,9000,0.4100959999999999,0.0,0.10556857236412735,1.3861621717936763,-0.16377366447161612,0.512213,-0.012213000000000085,second,-1,4,1,0.0,-1,low,-1,rich,1,1.0,1,1,73,0,420073,0,0.5001399864505998,1.1918663097314224
0.6650999999999999,0.628059,34000,0.3719409999999999,0.0,0.07652316234317555,1.386106117442837,-0.29903104901005273,0.5119969999999999,-0.01199699999999998,second,-1,4,1,0.0,-1,high,1,minimal,-1,1.0,1,1,74,0,420074,0,0.5001399864505998,1.329827684285135
0.5941999999999998,0.590977,1000,0.40902299999999986,0.00071,0.08876514342942701,1.3812742113305927,-0.15976312882309984,0.512346,-0.012346000000000024,second,-1,4,1,0.0,-1,high,1,rich,1,1.0,1,1,75,0,420075,0,0.5001399864505998,1.1880673733306677
0.5413000000000001,0.5340140000000001,4000,0.4659859999999999,0.0,0.16617036193015888,1.3860616205118053,-0.05710268327930357,0.51206,-0.012060000000000015,second,-1,4,1,0.3,1,low,-1,minimal,-1,1.0,1,1,76,0,420076,0,0.5001399864505998,1.082296986172822
0.4925,0.48455299999999996,14000,0.515447,0.0,0.06581709649475583,0.6931444893555312,-0.46349580860743544,0.336523,-0.0031896666666667017,second,-1,4,1,0.3,1,low,-1,rich,1,1.0,1,1,77,0,420077,0,0.5001399864505998,0.9847243038797611
0.3234000000000001,0.32378199999999996,9000,0.6762179999999999,0.0,0.12646745223969685,0.693102434090526,0.03758879389103986,0.3360310000000001,-0.002697666666666765,second,-1,4,1,0.3,1,high,1,minimal,-1,1.0,1,1,78,0,420078,0,0.5001399864505998,0.6466189642126189
0.5342,0.5338890000000001,1000,0.4661109999999999,0.01777,0.12752313940987658,1.3856064880684469,-0.04500852908496222,0.511192,-0.011192000000000035,second,-1,4,1,0.3,1,high,1,rich,1,1.0,1,1,79,0,420079,0,0.5001399864505998,1.0681009606752658
0.5805999999999999,0.577103,1000,0.42289699999999997,0.00311,0.11700318315541987,1.3858311868011486,-0.13588565235169003,0.511143,-0.01114300000000007,first,1,2,-1,0.0,-1,low,-1,minimal,-1,1.0,1,1,80,0,420080,1,0.3336579089880776,1.740105612244744
0.44570000000000004,0.42625,51000,0.57375,0.0,0.09217774948435223,0.6923501655911473,-0.3233530089430994,0.336796,-0.0034626666666666694,first,1,2,-1,0.0,-1,low,-1,rich,1,1.0,1,1,81,0,420081,1,0.3336579089880776,1.3357992962064806
0.5199000000000001,0.5303030000000001,6000,0.469697,0.01069,0.16905582868638777,1.3862169802001414,-0.014795440349781641,0.51232,-0.012320000000000053,first,1,2,-1,0.0,-1,high,1,minimal,-1,1.0,1,1,82,0,420082,1,0.3336579089880776,1.5581827554358298
0.3194,0.338915,18000,0.661085,0.0,0.13815108676735047,0.6931360413165844,0.05028946249475941,0.33631300000000003,-0.0029796666666667138,first,1,2,-1,0.0,-1,high,1,rich,1,1.0,1,1,83,0,420083,1,0.3336579089880776,0.9572678824508636
0.4965,0.49248800000000004,5000,0.507512,0.0115,0.02813831070471802,0.6931470814925392,-0.47723012656872,0.33610200000000007,-0.0027686666666667525,first,1,2,-1,0.3,1,low,-1,minimal,-1,1.0,1,1,84,0,420084,1,0.3336579089880776,1.4880510445737436
0.35819999999999996,0.35483800000000004,2000,0.645162,0.15431,0.0803909852748472,0.6929510227340148,-0.06345393926258858,0.33682700000000004,-0.003493666666666728,first,1,2,-1,0.3,1,low,-1,rich,1,1.0,1,1,85,0,420085,1,0.3336579089880776,1.0735546508888518
0.48229999999999995,0.46343600000000007,47000,0.5365639999999999,0.01919,0.06982188508508914,0.692551513165075,-0.4325387985445903,0.336675,-0.003341666666666687,first,1,2,-1,0.3,1,high,1,minimal,-1,1.0,1,1,86,0,420086,1,0.3336579089880776,1.4454924849907684
0.35240000000000005,0.35707,12000,0.64293,0.15285,0.09787547282998185,0.6929918733995982,-0.049481066754024194,0.335785,-0.0024516666666666853,first,1,2,-1,0.3,1,high,1,rich,1,1.0,1,1,87,0,420087,1,0.3336579089880776,1.0561715772563693
0.5016,0.506379,2000,0.493621,0.0,0.03567643983079031,1.3862498047573397,0.02312102704723895,0.5134719999999999,-0.013471999999999984,first,1,4,1,0.0,-1,low,-1,minimal,-1,1.0,1,1,88,0,420088,1,0.499557068710227,1.0040894853015443
0.514,0.521201,6000,0.47879900000000003,0.0,0.07761454502217999,1.3859643301528592,-0.0022755945892718454,0.512833,-0.012833000000000039,first,1,4,1,0.0,-1,low,-1,rich,1,1.0,1,1,89,0,420089,1,0.499557068710227,1.028911474172635
0.49579999999999996,0.49769699999999994,3000,0.502303,0.0,0.11629615724949817,1.3858016850697568,0.03444300331459871,0.513486,-0.013486000000000054,first,1,4,1,0.0,-1,high,1,minimal,-1,1.0,1,1,90,0,420090,1,0.499557068710227,0.992479200184421
0.5012000000000001,0.5053160000000001,2000,0.49468399999999996,0.00065,0.033014646756547056,1.3861626671244,0.024183201232036655,0.513621,-0.01362100000000005,first,1,4,1,0.0,-1,high,1,rich,1,1.0,1,1,91,0,420091,1,0.499557068710227,1.0032887759831222
0.5005,0.50297,10000,0.49703,0.0,0.13044914373042088,1.3862539091870818,0.026275957868196143,0.514006,-0.014006000000000018,first,1,4,1,0.3,1,low,-1,minimal,-1,1.0,1,1,92,0,420092,1,0.499557068710227,1.0018875346758829
0.3185,0.34874200000000005,96000,0.651258,0.0,0.1417230174636428,0.5040542304568056,-0.004111022837614442,0.31719600000000003,0.01613733333333328,first,1,4,1,0.3,1,low,-1,rich,1,1.0,1,1,93,0,420093,1,0.499557068710227,0.6375647947937437
0.3294,0.32372200000000007,74000,0.676278,0.0,0.26181874355935636,0.6931359467158789,-0.03621401248238376,0.317888,0.015445333333333311,first,1,4,1,0.3,1,high,1,minimal,-1,1.0,1,1,94,0,420094,1,0.499557068710227,0.6593841237207511
0.511,0.521435,5000,0.478565,0.00366,0.07378874831544464,1.3861945128864168,0.004647575118916336,0.513386,-0.013386000000000065,first,1,4,1,0.3,1,high,1,rich,1,1.0,1,1,95,0,420095,1,0.499557068710227,1.022906154284468
0.48860000000000003,0.500909,2000,0.4990909999999999,0.02944,0.09967091131613202,1.3861790444737139,0.0483591694275155,0.5134289999999999,-0.013428999999999969,second,-1,2,-1,0.0,-1,low,-1,minimal,-1,0.0,-1,1,0,1,430000,0,0.33229371938198027,1.470385901089938
0.4913,0.5019610000000001,11000,0.49803899999999995,0.02856,0.11763235299222781,1.3862866202216482,0.043865794799937574,0.51384,-0.013840000000000019,second,-1,2,-1,0.0,-1,low,-1,rich,1,0.0,-1,1,1,1,430001,0,0.33229371938198027,1.478511242745572
0.4804,0.4639290000000001,73000,0.536071,0.0,0.1621125508743848,0.6907314995589581,-0.509149454174193,0.318325,0.01500833333333329,second,-1,2,-1,0.0,-1,high,1,minimal,-1,0.0,-1,1,2,1,430002,0,0.33229371938198027,1.445708937543197
0.32920000000000005,0.326675,57000,0.673325,0.0,0.24896886099269522,0.6931274612283276,-0.0338416702258626,0.318424,0.01490933333333333,second,-1,2,-1,0.0,-1,high,1,rich,1,0.0,-1,1,3,1,430003,0,0.33229371938198027,0.9906898048276864
0.5812999999999999,0.568353,22000,0.43164699999999995,0.00984,0.10599765841885508,0.6159462352596545,-0.8252323536799797,0.31848,0.01485333333333333,second,-1,2,-1,0.3,1,low,-1,minimal,-1,0.0,-1,1,4,1,430004,0,0.33229371938198027,1.7493559646000425
0.3797,0.388865,40000,0.611135,0.10451,0.2075835632733024,0.6924401517151807,-0.19328592035751435,0.318197,0.015136333333333307,second,-1,2,-1,0.3,1,low,-1,rich,1,0.0,-1,1,5,1,430005,0,0.33229371938198027,1.1426637876460282
0.5644,0.5344110000000001,35000,0.4655889999999999,0.01407,0.1316505216483586,0.6879728974689234,-0.7721399751950642,0.318485,0.014848333333333297,second,-1,2,-1,0.3,1,high,1,minimal,-1,0.0,-1,1,6,1,430006,0,0.33229371938198027,1.69849734460737
0.38669999999999993,0.38560199999999994,37000,0.614398,0.09751,0.2090084818838909,0.693141982131085,-0.2139419681116561,0.31854899999999997,0.014784333333333344,second,-1,2,-1,0.3,1,high,1,rich,1,0.0,-1,1,7,1,430007,0,0.33229371938198027,1.1637294882347091
0.6979999999999998,0.6966079999999999,2000,0.30339199999999983,0.0,0.04036147390767586,1.3862155304639232,-0.14355554026445927,0.610377,-0.01037699999999997,second,-1,4,1,0.0,-1,low,-1,minimal,-1,0.0,-1,1,8,1,430008,0,0.5996705646393149,1.1639724227915496
0.7924000000000001,0.763251,27000,0.236749,0.0,0.05883601278128898,1.3862111270735618,-0.3003956655665929,0.609353,-0.009353000000000056,second,-1,4,1,0.0,-1,low,-1,rich,1,0.0,-1,1,9,1,430009,0,0.5996705646393149,1.3213921888539029
0.7716000000000002,0.7571640000000001,21000,0.242836,0.0,0.10403954920605914,1.3862871450867043,-0.26621538461538496,0.609375,-0.009375000000000022,second,-1,4,1,0.0,-1,high,1,minimal,-1,0.0,-1,1,10,1,430010,0,0.5996705646393149,1.2867064776876218
0.7841000000000001,0.7687510000000001,12000,0.231249,0.00058,0.03637498933499135,1.3055395885031573,-0.28344049131169236,0.610936,-0.010936000000000057,second,-1,4,1,0.0,-1,high,1,rich,1,0.0,-1,1,11,1,430011,0,0.5996705646393149,1.3075512560327425
0.632,0.623272,15000,0.37672799999999995,0.0,0.17655087765287372,1.3862429476062021,-0.03499325289208577,0.610632,-0.010631999999999975,second,-1,4,1,0.3,1,low,-1,minimal,-1,0.0,-1,1,12,1,430012,0,0.5996705646393149,1.0539119931293115
0.5073,0.50288,4000,0.49712,0.0,0.06353507377818965,0.6929982193613191,-0.5062619880401673,0.3367939999999999,-0.003460666666666612,second,-1,4,1,0.3,1,low,-1,rich,1,0.0,-1,1,13,1,430013,0,0.5996705646393149,0.8459644843583856
0.31239999999999996,0.3279560000000001,30000,0.672044,0.0,0.1336759591848886,0.6931449755563246,0.07214627061608447,0.3366910000000001,-0.0033576666666667587,second,-1,4,1,0.3,1,high,1,minimal,-1,0.0,-1,1,14,1,430014,0,0.5996705646393149,0.5209527004012608
0.6875999999999999,0.670059,13000,0.32994099999999993,0.00161,0.09868845513260652,1.3860144736372162,-0.12677902775160366,0.610235,-0.010234999999999994,second,-1,4,1,0.3,1,high,1,rich,1,0.0,-1,1,15,1,430015,0,0.5996705646393149,1.146629567208409
0.6467,0.633024,3000,0.36697599999999997,0.00878,0.1421120606086209,1.3834781499697988,-0.057935332946170925,0.611285,-0.01128499999999999,first,1,2,-1,0.0,-1,low,-1,minimal,-1,0.0,-1,1,16,1,430016,1,0.3322583823724506,1.9463767787657225
0.6335,0.6194640000000001,14000,0.38053599999999993,0.00731,0.1756914299296959,1.3862436619718899,-0.03801919393344555,0.610297,-0.010297,first,1,2,-1,0.0,-1,low,-1,rich,1,0.0,-1,1,17,1,430017,1,0.3322583823724506,1.9066486614320164
0.497,0.485635,26000,0.514365,0.0,0.09651086350769017,0.6930267405226003,-0.47937800638186423,0.335952,-0.002618666666666658,first,1,2,-1,0.0,-1,high,1,minimal,-1,0.0,-1,1,18,1,430018,1,0.3322583823724506,1.4958238117311953
0.3254,0.3377760000000001,32000,0.6622239999999999,0.0,0.14664301491717904,0.6931459005573992,0.032851542414542245,0.336453,-0.0031196666666666872,first,1,2,-1,0.0,-1,high,1,rich,1,0.0,-1,1,19,1,430019,1,0.3322583823724506,0.97935828639302
0.5124,0.512365,3000,0.487635,0.00947,0.042472074582204054,0.6929213557594193,-0.5230463304511175,0.33643100000000004,-0.0030976666666667207,first,1,2,-1,0.3,1,low,-1,minimal,-1,0.0,-1,1,20,1,430020,1,0.3322583823724506,1.5421732819538518
0.3732,0.37690599999999996,22000,0.623094,0.11374,0.08512413259785763,0.6931444264892046,-0.11019553363458146,0.336157,-0.0028236666666666688,first,1,2,-1,0.3,1,low,-1,rich,1,0.0,-1,1,21,1,430021,1,0.3322583823724506,1.1232222264347727
0.5094,0.507368,2000,0.49263199999999996,0.01344,0.0647610353933299,0.6930676790679345,-0.5170195658000536,0.33579,-0.0024566666666666626,first,1,2,-1,0.3,1,high,1,minimal,-1,0.0,-1,1,22,1,430022,1,0.3322583823724506,1.5331441643780097
0.36090000000000005,0.37323,10000,0.62677,0.12618,0.10559898034664776,0.6931469602743977,-0.07374283725164688,0.336114,-0.002780666666666709,first,1,2,-1,0.3,1,high,1,rich,1,0.0,-1,1,23,1,430023,1,0.3322583823724506,1.0862028443738199
0.6003,0.6052399999999999,2000,0.39475999999999994,0.0,0.03522701236267418,1.3861794829795926,0.057365207778503624,0.636832,-0.036831999999999976,first,1,4,1,0.0,-1,low,-1,minimal,-1,0.0,-1,1,24,1,430024,1,0.6003292315072996,0.9999513075396542
0.6081999999999999,0.6146809999999999,3000,0.38531899999999997,0.0,0.07320770614491345,1.385971544707973,0.04274440551626035,0.635358,-0.035358,first,1,4,1,0.0,-1,low,-1,rich,1,0.0,-1,1,25,1,430025,1,0.6003292315072996,1.0131107533660129
0.5996,0.6049920000000001,1000,0.39500799999999986,0.0,0.1366158114421607,1.3854856186523152,0.05759869987599153,0.636247,-0.03624700000000003,first,1,4,1,0.0,-1,high,1,minimal,-1,0.0,-1,1,26,1,430026,1,0.6003292315072996,0.9987852806942807
0.6013999999999998,0.604727,1000,0.39527299999999993,0.00045,0.0312179003173235,1.3859099034945186,0.05453630775519225,0.63609,-0.036090000000000066,first,1,4,1,0.0,-1,high,1,rich,1,0.0,-1,1,27,1,430027,1,0.6003292315072996,1.0017836354395266
0.5932000000000001,0.598933,5000,0.40106699999999995,0.0,0.1500611925549041,1.386292227846924,0.06700660424691285,0.635803,-0.03580300000000003,first,1,4,1,0.3,1,low,-1,minimal,-1,0.0,-1,1,28,1,430028,1,0.6003292315072996,0.9881244638222938
0.5015,0.49005100000000007,52000,0.509949,0.0,0.11881598912183494,0.6809230481732553,-0.5747215584562388,0.318469,0.014864333333333313,first,1,4,1,0.3,1,low,-1,rich,1,0.0,-1,1,29,1,430029,1,0.6003292315072996,0.8353749470783551
0.3266,0.324225,96000,0.675775,0.0,0.2500672461539096,0.6930782651748209,-0.028395815883771602,0.31758200000000003,0.015751333333333284,first,1,4,1,0.3,1,high,1,minimal,-1,0.0,-1,1,30,1,430030,1,0.6003292315072996,0.5440348109985859
0.6123,0.6158589999999999,4000,0.3841409999999999,0.00211,0.07007549921776386,1.3862440816400525,0.036233708997040925,0.63532,-0.03532000000000002,first,1,4,1,0.3,1,high,1,rich,1,0.0,-1,1,31,1,430031,1,0.6003292315072996,1.0199403391746298
0.5981000000000001,0.6052400000000001,1000,0.39475999999999994,0.01929,0.1219098722694247,1.3860033269402112,0.06084487845627429,0.6368489999999999,-0.03684899999999991,second,-1,2,-1,0.0,-1,low,-1,minimal,-1,0.5,0,-2,32,1,430032,0,0.33256095706280475,1.798467280351998
0.4574000000000001,0.43643100000000007,60000,0.563569,0.0,0.16661669404954596,0.6883039788265514,-0.44154251983145265,0.317299,0.016034333333333317,second,-1,2,-1,0.0,-1,low,-1,rich,1,0.5,0,-2,33,1,430033,0,0.33256095706280475,1.3753869487259722
0.5899000000000001,0.598078,4000,0.40192199999999995,0.02132,0.1351914530561321,1.3861909781691582,0.07228297964023611,0.6358619999999999,-0.03586199999999995,second,-1,2,-1,0.0,-1,high,1,minimal,-1,0.5,0,-2,34,1,430034,0,0.33256095706280475,1.7738101465969631
0.32120000000000004,0.32629600000000003,74000,0.673704,0.0,0.24801602930254327,0.6929147457487403,-0.010021602890447845,0.31801300000000005,0.01532033333333327,second,-1,2,-1,0.0,-1,high,1,rich,1,0.5,0,-2,35,1,430035,0,0.33256095706280475,0.9658379709899043
0.4805,0.508065,65000,0.491935,0.01147,0.08293449111831683,0.556524679728742,-0.5052079254444357,0.319225,0.014108333333333334,second,-1,2,-1,0.3,1,low,-1,minimal,-1,0.5,0,-2,36,1,430036,0,0.33256095706280475,1.444847898694424
0.38239999999999996,0.38021799999999994,5000,0.6197819999999999,0.11797,0.1999348266061384,0.6918984457076007,-0.20075612467264925,0.318466,0.014867333333333288,second,-1,2,-1,0.3,1,low,-1,rich,1,0.5,0,-2,37,1,430037,0,0.33256095706280475,1.1498643838933353
0.5291,0.5047280000000001,34000,0.495272,0.01616,0.13778327781414423,0.6840120983033511,-0.6593385226210711,0.31886200000000003,0.01447133333333328,second,-1,2,-1,0.3,1,high,1,minimal,-1,0.5,0,-2,38,1,430038,0,0.33256095706280475,1.5909865207059724
0.36839999999999995,0.379764,39000,0.620236,0.10282,0.20218849383809245,0.6931103509056298,-0.16356561480419285,0.31661300000000003,0.01672033333333328,second,-1,2,-1,0.3,1,high,1,rich,1,0.5,0,-2,39,1,430039,0,0.33256095706280475,1.10776683845791
0.6950999999999999,0.6947279999999999,4000,0.3052719999999999,0.0,0.03399428879973811,1.3862826403296848,-0.26731135274684403,0.548484,0.0015159999999999618,second,-1,4,1,0.0,-1,low,-1,minimal,-1,0.5,0,-2,40,1,430040,0,0.5490028336600213,1.26611368354148
0.6924999999999999,0.6760280000000001,22000,0.32397199999999987,0.0,0.07595586976001262,1.3861675532267783,-0.26309146423763985,0.5482579999999999,0.0017420000000000213,second,-1,4,1,0.0,-1,low,-1,rich,1,0.5,0,-2,41,1,430041,0,0.5490028336600213,1.2613778245611778
0.7197,0.70114,27000,0.29886,0.0,0.07904737809693628,1.3861053454049537,-0.31491201946880976,0.5473370000000001,0.00266299999999986,second,-1,4,1,0.0,-1,high,1,minimal,-1,0.5,0,-2,42,1,430042,0,0.5490028336600213,1.3109221954320287
0.6862999999999998,0.6791980000000001,7000,0.32080199999999987,0.0006,0.04485493923059588,1.3827279586495052,-0.2518902393421507,0.548211,0.0017889999999999295,second,-1,4,1,0.0,-1,high,1,rich,1,0.5,0,-2,43,1,430043,0,0.5490028336600213,1.250084622377381
0.6053000000000001,0.58388,28000,0.41612,0.0,0.15924132629440135,1.3861997643488082,-0.10479792218411599,0.547883,0.0021169999999999245,second,-1,4,1,0.3,1,low,-1,minimal,-1,0.5,0,-2,44,1,430044,0,0.5490028336600213,1.1025444002987452
0.49789999999999995,0.49154200000000003,6000,0.508458,0.0,0.06263595002871754,0.6930935147979338,-0.4809152585727412,0.33621100000000004,-0.0028776666666667228,second,-1,4,1,0.3,1,low,-1,rich,1,0.5,0,-2,45,1,430045,0,0.5490028336600213,0.906916994727813
0.3143000000000001,0.32442200000000004,12000,0.6755779999999999,0.0,0.13145100195890483,0.693147012357936,0.0656817134618527,0.336395,-0.0030616666666666847,second,-1,4,1,0.3,1,high,1,minimal,-1,0.5,0,-2,46,1,430046,0,0.5490028336600213,0.5724924913495716
0.6018000000000001,0.599435,4000,0.400565,0.0118,0.11689250645680731,1.386279192311338,-0.09702810747156732,0.548573,0.001426999999999956,second,-1,4,1,0.3,1,high,1,rich,1,0.5,0,-2,47,1,430047,0,0.5490028336600213,1.0961692055175698
0.67,0.6444380000000001,33000,0.3555619999999998,0.00235,0.09486758391107071,1.3857581396261769,-0.22106797885912166,0.5487,0.0012999999999999678,first,1,2,-1,0.0,-1,low,-1,minimal,-1,0.5,0,-2,48,1,430048,1,0.33370414435928303,2.0077664941393225
0.5765,0.574133,1000,0.425867,0.00847,0.16960027136879705,1.3862763414313488,-0.051360750779174236,0.548337,0.00166299999999997,first,1,2,-1,0.0,-1,low,-1,rich,1,0.5,0,-2,49,1,430049,1,0.33370414435928303,1.7275781848825662
0.4914,0.468675,37000,0.531325,0.0,0.09674525505160447,0.6930229866164819,-0.4603746333461123,0.33648900000000004,-0.0031556666666667232,first,1,2,-1,0.0,-1,high,1,minimal,-1,0.5,0,-2,50,1,430050,1,0.33370414435928303,1.4725618734627806
0.32850000000000007,0.33499199999999996,16000,0.6650079999999999,0.0,0.14292781372427132,0.6931310492712057,0.024377205174810013,0.336708,-0.0033746666666666925,first,1,2,-1,0.0,-1,high,1,rich,1,0.5,0,-2,51,1,430051,1,0.33370414435928303,0.9844049154101008
0.49820000000000003,0.497605,1000,0.502395,0.00934,0.026590970334610796,0.6931166589725488,-0.47936988701319927,0.336765,-0.003431666666666666,first,1,2,-1,0.3,1,low,-1,minimal,-1,0.5,0,-2,52,1,430052,1,0.33370414435928303,1.4929392050450903
0.3544,0.362245,30000,0.637755,0.12679,0.08618263556088623,0.6929325750786423,-0.05383039396723732,0.33629699999999996,-0.0029636666666666422,first,1,2,-1,0.3,1,low,-1,rich,1,0.5,0,-2,53,1,430053,1,0.33370414435928303,1.0620185754074265
0.49829999999999997,0.49208100000000005,18000,0.5079189999999999,0.01576,0.062031782344976236,0.6931231734299983,-0.4797986547284956,0.336735,-0.0034016666666666917,first,1,2,-1,0.3,1,high,1,minimal,-1,0.5,0,-2,54,1,430054,1,0.33370414435928303,1.4932388716860063
0.36060000000000003,0.369649,14000,0.6303509999999999,0.13771,0.1030903191880928,0.6931457667203875,-0.07118350032824705,0.33663699999999996,-0.003303666666666649,first,1,2,-1,0.3,1,high,1,rich,1,0.5,0,-2,55,1,430055,1,0.33370414435928303,1.0805979071442384
0.5999999999999999,0.5976889999999999,1000,0.4023109999999999,0.0,0.03403173928849362,1.3861134734746399,-0.0419615273072067,0.5758369999999999,-0.025837,first,1,4,1,0.0,-1,low,-1,minimal,-1,0.5,0,-2,56,1,430056,1,0.5502404083379122,1.0904324562646976
0.5908,0.582334,4000,0.417666,0.0,0.08024158799525345,1.3857214946060832,-0.024888412411766536,0.576453,-0.02645300000000006,first,1,4,1,0.0,-1,low,-1,rich,1,0.5,0,-2,57,1,430057,1,0.5502404083379122,1.0737124919353058
0.5328999999999999,0.5405059999999999,2000,0.45949399999999996,0.0,0.11577419386028998,1.386236852084878,0.07493078038068646,0.576065,-0.026065000000000116,first,1,4,1,0.0,-1,high,1,minimal,-1,0.5,0,-2,58,1,430058,1,0.5502404083379122,0.9684857599057625
0.5991999999999998,0.598028,1000,0.401972,0.00084,0.030903808865510245,1.386124263411073,-0.03959193587563736,0.57638,-0.02638000000000007,first,1,4,1,0.0,-1,high,1,rich,1,0.5,0,-2,59,1,430059,1,0.5502404083379122,1.0889785463230115
0.5463,0.550733,9000,0.44926699999999997,0.0,0.1398530039398511,1.386289506939334,0.05178638377049838,0.5761359999999999,-0.026135999999999937,first,1,4,1,0.3,1,low,-1,minimal,-1,0.5,0,-2,60,1,430060,1,0.5502404083379122,0.9928387514290075
0.4035,0.41182300000000005,83000,0.588177,0.0,0.13796293472886115,0.45645657984903637,-0.2687482312989342,0.31803,0.015303333333333335,first,1,4,1,0.3,1,low,-1,rich,1,0.5,0,-2,61,1,430061,1,0.5502404083379122,0.7333158268380094
0.307,0.321016,91000,0.6789839999999999,0.0,0.2544698672908052,0.6902548707954809,0.03612793439390649,0.318507,0.01482633333333333,first,1,4,1,0.3,1,high,1,minimal,-1,0.5,0,-2,62,1,430062,1,0.5502404083379122,0.5579379401221037
0.5942999999999999,0.5838369999999999,5000,0.416163,0.00339,0.07419740649675459,1.3861739242284241,-0.031394803977716323,0.57621,-0.026210000000000067,first,1,4,1,0.3,1,high,1,rich,1,0.5,0,-2,63,1,430063,1,0.5502404083379122,1.0800733479301832
0.5310999999999999,0.5390480000000001,2000,0.460952,0.02336,0.09915744741568429,1.386147176782428,0.07794818732009501,0.575998,-0.025998000000000077,second,-1,2,-1,0.0,-1,low,-1,minimal,-1,1.0,1,1,64,1,430064,0,0.3344282251548949,1.5880836605642776
0.5459,0.54964,8000,0.45036,0.02652,0.12518305459876872,1.3862936432236712,0.053354789931121416,0.576668,-0.026668000000000025,second,-1,2,-1,0.0,-1,low,-1,rich,1,1.0,1,1,65,1,430065,0,0.3344282251548949,1.6323382984410457
0.42740000000000006,0.4124110000000001,59000,0.5875889999999999,0.0,0.17147568566709392,0.6931469355579254,-0.3416624811652438,0.31856,0.014773333333333305,second,-1,2,-1,0.0,-1,high,1,minimal,-1,1.0,1,1,66,1,430066,0,0.3344282251548949,1.2780021776034127
0.33070000000000005,0.33285200000000004,79000,0.6671480000000001,0.0,0.2397441384059264,0.6930667872035584,-0.03863065326633186,0.3184,0.014933333333333298,second,-1,2,-1,0.0,-1,high,1,rich,1,1.0,1,1,67,1,430067,0,0.3344282251548949,0.9888519422869644
0.5315,0.514206,18000,0.48579399999999995,0.01215,0.11520073063874907,0.690584613644676,-0.679129822167041,0.316533,0.016800333333333306,second,-1,2,-1,0.3,1,low,-1,minimal,-1,1.0,1,1,68,1,430068,0,0.3344282251548949,1.5892797318582446
0.3626999999999999,0.366725,30000,0.633275,0.14226,0.18327239794781863,0.693057923856284,-0.1388863594258778,0.318469,0.014864333333333313,second,-1,2,-1,0.3,1,low,-1,rich,1,1.0,1,1,69,1,430069,0,0.3344282251548949,1.0845376458042995
0.4961999999999999,0.47793699999999995,43000,0.5220629999999999,0.01863,0.14335820860895976,0.6931425391739803,-0.5581381473793947,0.318457,0.014876333333333325,second,-1,2,-1,0.3,1,high,1,minimal,-1,1.0,1,1,70,1,430070,0,0.3344282251548949,1.4837264401656836
0.36649999999999994,0.37776,65000,0.62224,0.10563,0.20069762842273928,0.6931251995235003,-0.1535277806629083,0.31772100000000003,0.015612333333333284,second,-1,2,-1,0.3,1,high,1,rich,1,1.0,1,1,71,1,430071,0,0.3344282251548949,1.095900323096983
0.6977,0.693974,3000,0.30602599999999985,0.0,0.027300164376794504,1.386290021547188,-0.35851892813888564,0.513574,-0.01357400000000003,second,-1,4,1,0.0,-1,low,-1,minimal,-1,1.0,1,1,72,1,430072,0,0.5001399864505998,1.3950094351612372
0.6595,0.6396660000000001,22000,0.3603339999999999,0.0,0.06291922056097007,1.3862862074401978,-0.2881815447240226,0.5119619999999999,-0.011961999999999973,second,-1,4,1,0.0,-1,low,-1,rich,1,1.0,1,1,73,1,430073,0,0.5001399864505998,1.3186308191039644
0.6948999999999999,0.6619989999999999,30000,0.33800099999999983,0.0,0.07590817291965338,1.3862873303895462,-0.358208080057854,0.51163,-0.011630000000000085,second,-1,4,1,0.0,-1,high,1,minimal,-1,1.0,1,1,74,1,430074,0,0.5001399864505998,1.3894110025706514
0.5479,0.535165,3000,0.464835,0.0,0.16407651068632587,1.3861467874956892,-0.06939659799549136,0.512345,-0.012345000000000106,second,-1,4,1,0.0,-1,high,1,rich,1,1.0,1,1,75,1,430075,0,0.5001399864505998,1.095493291564916
0.5952,0.590383,2000,0.40961699999999995,0.00087,0.08115185917483166,1.3815852929263848,-0.16404599859187985,0.51132,-0.011320000000000052,second,-1,4,1,0.3,1,low,-1,minimal,-1,1.0,1,1,76,1,430076,0,0.5001399864505998,1.1900668135415915
0.49169999999999997,0.482474,17000,0.5175259999999999,0.0,0.06582582566136182,0.6931330292911925,-0.4579515735914177,0.337254,-0.003920666666666683,second,-1,4,1,0.3,1,low,-1,rich,1,1.0,1,1,77,1,430077,0,0.5001399864505998,0.9831247517110223
0.31570000000000004,0.318654,27000,0.6813459999999999,0.0,0.12480075434066897,0.6931096822892363,0.06178768525755485,0.33649099999999993,-0.0031576666666666142,second,-1,4,1,0.3,1,high,1,minimal,-1,1.0,1,1,78,1,430078,0,0.5001399864505998,0.6312232745885089
0.5414000000000001,0.541492,1000,0.45850799999999997,0.01744,0.13651811501706118,1.385749067455539,-0.05794051380657361,0.5117489999999999,-0.011748999999999954,second,-1,4,1,0.3,1,high,1,rich,1,1.0,1,1,79,1,430079,0,0.5001399864505998,1.0824969301939142
0.5926999999999999,0.5833160000000001,2000,0.41668399999999994,0.0031,0.10979829880674379,1.3857298788035588,-0.1569822031267991,0.5122810000000001,-0.012281000000000153,first,1,2,-1,0.0,-1,low,-1,minimal,-1,1.0,1,1,80,1,430080,1,0.3336579089880776,1.7763703003400961
0.5198,0.5300720000000001,6000,0.4699279999999999,0.01059,0.1699142616588499,1.3861368535678933,-0.014422044846899906,0.51241,-0.012410000000000088,first,1,2,-1,0.0,-1,low,-1,rich,1,1.0,1,1,81,1,430081,1,0.3336579089880776,1.5578830472697522
0.4454,0.42691200000000007,27000,0.5730879999999999,0.0,0.09205511531685787,0.6930541528731928,-0.3229414804826032,0.33667400000000003,-0.003340666666666714,first,1,2,-1,0.0,-1,high,1,minimal,-1,1.0,1,1,82,1,430082,1,0.3336579089880776,1.3349001717082487
0.3391,0.3422,26000,0.6578,0.0,0.13599029377128355,0.6931470923579428,-0.009208168901746028,0.3360059999999999,-0.002672666666666601,first,1,2,-1,0.0,-1,high,1,rich,1,1.0,1,1,83,1,430083,1,0.3336579089880776,1.0163103911680895
0.4945,0.479216,25000,0.520784,0.01104,0.04206596203803515,0.6930962614242988,-0.469666033625483,0.3364710000000001,-0.0031376666666667608,first,1,2,-1,0.3,1,low,-1,minimal,-1,1.0,1,1,84,1,430084,1,0.3336579089880776,1.482056881252198
0.3523,0.35554699999999995,2000,0.6444529999999999,0.16461,0.07607988696174928,0.6930522609690702,-0.04840269614772286,0.336035,-0.0027016666666666578,first,1,2,-1,0.3,1,low,-1,rich,1,1.0,1,1,85,1,430085,1,0.3336579089880776,1.0558718690902917
0.48070000000000007,0.45351800000000003,55000,0.546482,0.01841,0.07097609261271635,0.693143911236149,-0.4300631583957828,0.336139,-0.0028056666666667063,first,1,2,-1,0.3,1,high,1,minimal,-1,1.0,1,1,86,1,430086,1,0.3336579089880776,1.440697154333532
0.3497,0.35980700000000004,15000,0.6401929999999999,0.15095,0.09816845897173627,0.6931006564547493,-0.03817836361477278,0.33684,-0.003506666666666658,first,1,2,-1,0.3,1,high,1,rich,1,1.0,1,1,87,1,430087,1,0.3336579089880776,1.0480794567722824
0.5013,0.5058579999999999,2000,0.494142,0.0,0.034509184806367145,1.38626105279207,0.023222100549863955,0.5132180000000001,-0.013218000000000119,first,1,4,1,0.0,-1,low,-1,minimal,-1,1.0,1,1,88,1,430088,1,0.499557068710227,1.0034889533127276
0.5095,0.5199170000000001,7000,0.480083,0.0,0.07700787694125844,1.3861856157641492,0.007809000798426391,0.5135099999999999,-0.013509999999999966,first,1,4,1,0.0,-1,low,-1,rich,1,1.0,1,1,89,1,430089,1,0.499557068710227,1.0199034943403842
0.5025,0.4983910000000001,2000,0.501609,0.0,0.1161133546109146,1.3861319994024304,0.021631198769494486,0.51361,-0.013610000000000066,first,1,4,1,0.0,-1,high,1,minimal,-1,1.0,1,1,90,1,430090,1,0.499557068710227,1.0058910812679942
0.5006,0.505513,3000,0.49448699999999995,0.00043,0.03210013990312003,1.3862427008925966,0.02347674271167577,0.512635,-0.012635000000000007,first,1,4,1,0.0,-1,high,1,rich,1,1.0,1,1,91,1,430091,1,0.499557068710227,1.0020877120054887
0.49160000000000004,0.5015080000000001,11000,0.498492,0.0,0.12984346705167726,1.3862641938680973,0.044171115924388826,0.5143179999999998,-0.014317999999999886,first,1,4,1,0.3,1,low,-1,minimal,-1,1.0,1,1,92,1,430092,1,0.499557068710227,0.9840717523409872
0.5006,0.500588,2000,0.49941199999999997,0.02913,0.09905980746224825,1.3860972848714768,0.02463355564518166,0.513243,-0.01324300000000006,first,1,4,1,0.3,1,low,-1,rich,1,1.0,1,1,93,1,430093,1,0.499557068710227,1.0020877120054887
0.5074,0.521,7000,0.479,0.00348,0.0728929155249556,1.3861147552207447,0.011083890256428197,0.513087,-0.013087000000000015,first,1,4,1,0.3,1,high,1,minimal,-1,1.0,1,1,94,1,430094,1,0.499557068710227,1.0156997704186672
0.4922,0.500614,12000,0.4993859999999999,0.02821,0.11676285719519036,1.3862575706171296,0.041063597238917726,0.513277,-0.013277000000000039,first,1,4,1,0.3,1,high,1,rich,1,1.0,1,1,95,1,430095,1,0.499557068710227,0.9852728163186206
